Observation ID,Target name,Target Desc.,RA,Dec,Instrument,Obs. Mode,Proposal,PI Name,Proc. Level,Start Time,Duration (s),Filter,Detector
jw02177-o001_t001_miri_ch1-long,CID346,SREGION=POLYGON ICRS  149.930052028 2.117947439 149.930052028 2.119536328 149.931714277 2.119536328 149.931714277 2.117947439|TARGCAT=Galaxy|TARGDESC=Active galactic nuclei; Active galaxies; Quasars|TARGET_DESCRIP=Galaxy; Active galactic nuclei; Active galaxies; Quasars|TARGNAME=CID346,149.93088315268497,2.1187418835908147,MIRI/IFU,MIR_MRS,2177,"Mainieri, Vincenzo",3,60268.03859829028,11084.924,CH1-LONG,MIRIFUSHORT
jw05491-c1005_t001_miri_ch1-long,J0134-0931,SREGION=POLYGON ICRS  23.647771019 -9.518279675 23.647771019 -9.516690786 23.649455318 -9.516690786 23.649455318 -9.518279675|TARGCAT=Galaxy|TARGDESC=Active galactic nuclei; Quasars|TARGET_DESCRIP=Galaxy; Active galactic nuclei; Quasars|TARGNAME=J0134-0931,23.648613169280104,-9.517485230837963,MIRI/IFU,MIR_MRS,5491,"Kulkarni, Varsha Purushottam",3,60638.393525949075,3019.244,CH1-LONG,MIRIFUSHORT
jw03428-o026_t026_nirspec_g235h-f170lp,J134243.46+583850.0,SREGION=POLYGON ICRS  205.680099377 58.646663936 205.680099377 58.647830602 205.682128133 58.647830602 205.682128133 58.646663936|TARGCAT=Galaxy|TARGDESC=Quasars|TARGET_DESCRIP=Galaxy; Quasars,205.6811137568347,58.64724726934861,NIRSPEC/IFU,NRS_IFU,3428,"Liu, Weizhe",3,60383.86623244213,875.332,F170LP;G235H,MULTIPLE
jw03428020001_02101_00002_nrs2,J110247.29+663519.6,SREGION=POLYGON ICRS  165.695345002 66.588090532 165.695345002 66.589423866 165.698700842 66.589423866 165.698700842 66.588090532|TARGCAT=Galaxy|TARGDESC=Quasars|TARGET_DESCRIP=Galaxy; Quasars,165.69702291783216,66.588757201599,NIRSPEC/IFU,NRS_IFU,3428,"Liu, Weizhe",1,60383.71016,218.833,F170LP;G235H,NRS2
jw06350-o013_t013_miri_ch1-long,J1351+4747,SREGION=POLYGON ICRS  207.846634448 47.785847909 207.846634448 47.787581242 207.848999284 47.787581242 207.848999284 47.785847909|TARGCAT=Galaxy|TARGDESC=Quasars|TARGET_DESCRIP=Galaxy; Quasars|TARGNAME=J1351+4747,207.84781686839705,47.78671457612443,MIRI/IFU,MIR_MRS,6350,"Kulkarni, Varsha Purushottam",3,60764.01756618009,2231.132,CH1-LONG,MIRIFUSHORT
jw07492005001_xx102_00001_miri,BQ_J1421+2241,SREGION=POLYGON ICRS 215.28531718147 22.6881765201 215.28532981913 22.68831929496 215.28674729809 22.68821153233 215.2867343514 22.68806903206|TARGETCATEGORY=Galaxy|TARGETKEYWORDS=Active galactic nuclei ; Quasars|TOO=N,215.2860319561398,22.68819411496614,MIRI/SLIT,,7492,"Wylezalek, Dominika",-1,,13.875,F1500W,
jw03428-o010_t010_nirspec_g235h-f170lp,J094108.35+594725.7,SREGION=POLYGON ICRS  145.283598048 59.789931496 145.283598048 59.791042607 145.286027164 59.791042607 145.286027164 59.789931496|TARGCAT=Galaxy|TARGDESC=Quasars|TARGET_DESCRIP=Galaxy; Quasars,145.2848126059813,59.790487054008004,NIRSPEC/IFU,NRS_IFU,3428,"Liu, Weizhe",3,60388.84482859954,875.332,F170LP;G235H,MULTIPLE
jw03428-o008_t008_nirspec_g235h-f170lp,J085931.29+252019.5,SREGION=POLYGON ICRS  134.879647037 25.338131173 134.879647037 25.339408951 134.881122308 25.339408951 134.881122308 25.338131173|TARGCAT=Galaxy|TARGDESC=Quasars|TARGET_DESCRIP=Galaxy; Quasars,134.88038467328818,25.33877006301826,NIRSPEC/IFU,NRS_IFU,3428,"Liu, Weizhe",3,60425.34748795139,875.332,F170LP;G235H,MULTIPLE
jw03428-o009_t009_nirspec_g235h-f170lp,J083122.57+404623.3,SREGION=POLYGON ICRS  127.843258393 40.772635394 127.843258393 40.773690949 127.844872325 40.773690949 127.844872325 40.772635394|TARGCAT=Galaxy|TARGDESC=Quasars|TARGET_DESCRIP=Galaxy; Quasars,127.84406536095744,40.773163174159095,NIRSPEC/IFU,NRS_IFU,3428,"Liu, Weizhe",3,60377.24051293982,875.332,F170LP;G235H,MULTIPLE
jw07492003001_xx102_00001_miri,BQ_J0149+1501,SREGION=POLYGON ICRS 27.43419812418 15.01852929898 27.43421019662 15.01867207382 27.43556423869 15.01856431031 27.43555187155 15.01842181003|TARGETCATEGORY=Galaxy|TARGETKEYWORDS=Active galactic nuclei ; Quasars|TOO=N,27.434880909618947,15.018546892899153,MIRI/SLIT,,7492,"Wylezalek, Dominika",-1,,13.875,F1500W,
jw03428-o018_t018_nirspec_g235h-f170lp,J105005.11+462735.5,SREGION=POLYGON ICRS  162.520458827 46.459333929 162.520458827 46.460389484 162.522152457 46.460389484 162.522152457 46.459333929|TARGCAT=Galaxy|TARGDESC=Quasars|TARGET_DESCRIP=Galaxy; Quasars,162.52130564105926,46.45986170777164,NIRSPEC/IFU,NRS_IFU,3428,"Liu, Weizhe",3,60411.96436236111,875.332,F170LP;G235H,MULTIPLE
jw03428024001_02101_00002_nrs2,J124510.13+434837.9,SREGION=POLYGON ICRS  191.291396731 43.809883225 191.291396731 43.811216559 191.293090439 43.811216559 191.293090439 43.809883225|TARGCAT=Galaxy|TARGDESC=Quasars|TARGET_DESCRIP=Galaxy; Quasars,191.29224358509978,43.81054989263607,NIRSPEC/IFU,NRS_IFU,3428,"Liu, Weizhe",1,60354.24648692129,218.833,F170LP;G235H,NRS2
jw03428-o025_t025_nirspec_g235h-f170lp,J132825.16+444500.2,SREGION=POLYGON ICRS  202.104125247 44.749489299 202.104125247 44.750655966 202.105611573 44.750655966 202.105611573 44.749489299|TARGCAT=Galaxy|TARGDESC=Quasars|TARGET_DESCRIP=Galaxy; Quasars,202.1048684093996,44.75007263306921,NIRSPEC/IFU,NRS_IFU,3428,"Liu, Weizhe",3,60377.015597604164,875.332,F170LP;G235H,MULTIPLE
jw08258011001_xx105_00001_nirspec,J0950+0523,SREGION=POLYGON ICRS 147.62011381028 5.3948818005 147.61952774455 5.39555246118 147.62017279463 5.39612489255 147.62075889492 5.39545444544|TARGETCATEGORY=Galaxy|TARGETKEYWORDS=Starburst galaxies|TOO=N,147.62014331328876,5.39550338195842,NIRSPEC/IFU,,8258,"Marques-Chaves, Rui",-1,,729.444,F170LP;G235M,
jw03428-o032_t032_nirspec_g235h-f170lp,J145805.99+332723.0,SREGION=POLYGON ICRS  224.524185204 33.455716642 224.524185204 33.457105531 224.525783352 33.457105531 224.525783352 33.455716642|TARGCAT=Galaxy|TARGDESC=Quasars|TARGET_DESCRIP=Galaxy; Quasars,224.5249842785763,33.456411086948265,NIRSPEC/IFU,NRS_IFU,3428,"Liu, Weizhe",3,60428.24318340278,875.332,F170LP;G235H,MULTIPLE
jw03428-o034_t034_nirspec_g235h-f170lp,J153422.74+571140.5,SREGION=POLYGON ICRS  233.593601950 57.193949516 233.593601950 57.195227293 233.595960439 57.195227293 233.595960439 57.193949516|TARGCAT=Galaxy|TARGDESC=Quasars|TARGET_DESCRIP=Galaxy; Quasars,233.5947811901664,57.1945884090184,NIRSPEC/IFU,NRS_IFU,3428,"Liu, Weizhe",3,60383.8943812963,875.332,F170LP;G235H,MULTIPLE
jw03428019001_02101_00002_nrs1,J110041.94+580001.3,SREGION=POLYGON ICRS  165.173464521 57.999665347 165.173464521 58.001054236 165.175980701 58.001054236 165.175980701 57.999665347|TARGCAT=Galaxy|TARGDESC=Quasars|TARGET_DESCRIP=Galaxy; Quasars,165.1747226085742,58.00035979292867,NIRSPEC/IFU,NRS_IFU,3428,"Liu, Weizhe",1,60376.05205928241,218.833,F170LP;G235H,NRS1
jw03428-o005_t005_nirspec_g235h-f170lp,J075907.57+180054.7,SREGION=POLYGON ICRS  119.780846628 18.014524572 119.780846628 18.015857906 119.782307123 18.015857906 119.782307123 18.014524572|TARGCAT=Galaxy|TARGDESC=Quasars|TARGET_DESCRIP=Galaxy; Quasars,119.78157687478841,18.015191239162064,NIRSPEC/IFU,NRS_IFU,3428,"Liu, Weizhe",3,60398.80656557871,875.332,F170LP;G235H,MULTIPLE
jw03428020001_02101_00002_nrs2,J110247.29+663519.6,SREGION=POLYGON ICRS  165.695345002 66.588090532 165.695345002 66.589423866 165.698700842 66.589423866 165.698700842 66.588090532|TARGCAT=Galaxy|TARGDESC=Quasars|TARGET_DESCRIP=Galaxy; Quasars,165.69702291783216,66.588757201599,NIRSPEC/IFU,NRS_IFU,3428,"Liu, Weizhe",2,60383.71016,218.833,F170LP;G235H,NRS2
jw03428024001_02101_00002_nrs2,J124510.13+434837.9,SREGION=POLYGON ICRS  191.291396731 43.809883225 191.291396731 43.811216559 191.293090439 43.811216559 191.293090439 43.809883225|TARGCAT=Galaxy|TARGDESC=Quasars|TARGET_DESCRIP=Galaxy; Quasars,191.29224358509978,43.81054989263607,NIRSPEC/IFU,NRS_IFU,3428,"Liu, Weizhe",2,60354.24648692129,218.833,F170LP;G235H,NRS2
jw03428-o016_t016_nirspec_g235h-f170lp,J113415.21+392826.0,SREGION=POLYGON ICRS  173.562629931 39.473350931 173.562629931 39.474462043 173.564141338 39.474462043 173.564141338 39.473350931|TARGCAT=Galaxy|TARGDESC=Quasars|TARGET_DESCRIP=Galaxy; Quasars,173.56338563496897,39.47390648799276,NIRSPEC/IFU,NRS_IFU,3428,"Liu, Weizhe",3,60419.114359085645,875.332,F170LP;G235H,MULTIPLE
jw03428019001_02101_00002_nrs1,J110041.94+580001.3,SREGION=POLYGON ICRS  165.173464521 57.999665347 165.173464521 58.001054236 165.175980701 58.001054236 165.175980701 57.999665347|TARGCAT=Galaxy|TARGDESC=Quasars|TARGET_DESCRIP=Galaxy; Quasars,165.1747226085742,58.00035979292867,NIRSPEC/IFU,NRS_IFU,3428,"Liu, Weizhe",2,60376.05205928241,218.833,F170LP;G235H,NRS1
jw03428-o007_t007_nirspec_g235h-f170lp,J080715.11+132805.1,SREGION=POLYGON ICRS  121.812279040 13.467433318 121.812279040 13.468766651 121.813707207 13.468766651 121.813707207 13.467433318|TARGCAT=Galaxy|TARGDESC=Quasars|TARGET_DESCRIP=Galaxy; Quasars,121.81299312351817,13.46809998489529,NIRSPEC/IFU,NRS_IFU,3428,"Liu, Weizhe",3,60398.873118854164,875.332,F170LP;G235H,MULTIPLE
jw08258021001_xx101_00001_nirspec,J1415+2036,SREGION=POLYGON ICRS 213.92249075108 20.61503735605 213.92186736222 20.61570801598 213.92255349219 20.61628044809 213.92317691729 20.61560999988|TARGETCATEGORY=Galaxy|TARGETKEYWORDS=Starburst galaxies|TOO=N,213.92252213052544,20.61565893777076,NIRSPEC/IFU,,8258,"Marques-Chaves, Rui",-1,,948.278,F100LP;G140M,
jw02654007001_04101_00002_nrs1,SDSSJ0749-NIRSPEC-REPEAT,SREGION=POLYGON ICRS  117.344963082 22.919311331 117.344963082 22.920589109 117.346471030 22.920589109 117.346471030 22.919311331|TARGCAT=Galaxy|TARGDESC=Active galactic nuclei; Emission line galaxies; Quasar-galaxy pairs|TARGET_DESCRIP=Galaxy; Active galactic nuclei; Emission line galaxies; Quasar-galaxy pairs|TARGNAME=SDSSJ0749-V2,117.34571705555025,22.91995022046346,NIRSPEC/IFU,NRS_IFU,2654,"Ishikawa, Yuzo",2,59906.89169034722,364.722,F100LP;G140M,NRS1
jw08258001001_xx101_00001_nirspec,J0006+2452,SREGION=POLYGON ICRS 1.68640844626 24.88082346716 1.68576527851 24.88149412686 1.68647317815 24.8820665592 1.68711638314 24.88139611065|TARGETCATEGORY=Galaxy|TARGETKEYWORDS=Starburst galaxies|TOO=N,1.6864408204535257,24.881445048583217,NIRSPEC/IFU,,8258,"Marques-Chaves, Rui",-1,,1313.0,F100LP;G140M,
jw08258013001_xx101_00001_nirspec,J1220+0842,SREGION=POLYGON ICRS 185.16969736261 8.70997624494 185.1691070852 8.71064690547 185.16975677092 8.711219337 185.17034708303 8.71054888965|TARGETCATEGORY=Galaxy|TARGETKEYWORDS=Starburst galaxies|TOO=N,185.1697270783523,8.71059782632058,NIRSPEC/IFU,,8258,"Marques-Chaves, Rui",-1,,729.444,F100LP;G140M,
jw02457052001_03102_00006_nrs1,SDSS-J083200.20+161500.3,SREGION=POLYGON ICRS  128.000175694 16.249496526 128.000175694 16.250718748 128.001564515 16.250718748 128.001564515 16.249496526|TARGCAT=Galaxy|TARGDESC=Quasars|TARGET_DESCRIP=Galaxy; Quasars|TARGNAME=SDSS J083200.20+161500.3,128.0008701046853,16.250107637560916,NIRSPEC/IFU,NRS_IFU,2457,"Vayner, Andrey",2,59922.35978313658,729.444,F170LP;G235H,NRS1
jw02155004001_03102_00003_mirifushort,J1007+2853,SREGION=POLYGON ICRS  151.806114321 28.896010979 151.806114321 28.897527645 151.807929188 28.897527645 151.807929188 28.896010979|TARGCAT=Galaxy|TARGDESC=Quasars|TARGET_DESCRIP=Galaxy; Quasars,151.8070217552685,28.896769313367717,MIRI/IFU,MIR_MRS,2155,"Kulkarni, Varsha Purushottam",2,59942.08173041666,55.501,CH12-LONG,MIRIFUSHORT
jw02457-o005_t005_nirspec_g235h-f170lp,SDSS-J121704.70+023417.1,SREGION=POLYGON ICRS  184.268901474 2.570796636 184.268901474 2.572074414 184.270291763 2.572074414 184.270291763 2.570796636|TARGCAT=Galaxy|TARGDESC=Quasars|TARGET_DESCRIP=Galaxy; Quasars|TARGNAME=SDSS J121704.70+023417.1,184.26959661910308,2.5714355250803465,NIRSPEC/IFU,NRS_IFU,2457,"Vayner, Andrey",3,60116.784610532406,14588.879999999997,F170LP;G235H,MULTIPLE
jw02046-o017_t016_miri_f560w-brightsky,H1413+117,SREGION=POLYGON ICRS  213.928754716 11.491810038 213.945783134 11.481748581 213.956489163 11.499147208 213.939460076 11.509209286|TARGCAT=Galaxy|TARGDESC=Active galactic nuclei; Quasars|TARGET_DESCRIP=Galaxy; Active galactic nuclei; Quasars,213.94262175901156,11.495478950587653,MIRI/IMAGE,MIR_IMAGE,2046,"Nierenberg, Anna",3,60132.75779105324,59.703,F560W,MIRIMAGE
jw07893010001_xx104_00003_nirspec,SBS1425+606,SREGION=POLYGON ICRS 216.73482686125 60.43033208332 216.73361110466 60.43101841248 216.73369225908 60.43105397344 216.73490797824 60.43036766446|TARGETCATEGORY=Galaxy|TARGETKEYWORDS=Quasars|TOO=N,216.73425954282686,60.43069303926205,NIRSPEC/SLIT,,7893,"Zhuang, Mingyang",-1,,291.778,F170LP;G235M,
jw05893011002_03101_00001_nrca4,C3D-11_CWEBTILE-4-11,SREGION=POLYGON ICRS  150.187465843 2.127201310 150.204013837 2.121251352 150.210057828 2.137650780 150.193485666 2.143811613|TARGCAT=Galaxy|TARGDESC=Field galaxies|TARGET_DESCRIP=Galaxy; Field galaxies|TARGNAME=C3D-11,150.1987435986983,2.1324916415424298,NIRCAM/IMAGE,NRC_IMAGE,5893,"Kakiichi, Koki",2,60786.178601782405,311.366,F115W,NRCA4
jw06350-o001_t001_miri_ch1-long,J0741+3112,SREGION=POLYGON ICRS  115.293625596 31.199329090 115.293625596 31.200773534 115.295567605 31.200773534 115.295567605 31.199329090|TARGCAT=Galaxy|TARGDESC=Quasars|TARGET_DESCRIP=Galaxy; Quasars|TARGNAME=J0741+3112,115.29459660072641,31.20005131402025,MIRI/IFU,MIR_MRS,6350,"Kulkarni, Varsha Purushottam",3,60763.30577088611,677.108,CH1-LONG,MIRIFUSHORT
jw03158003001_08101_00003_mirifulong,XN8144,SREGION=POLYGON ICRS  34.377548603 -4.307967319 34.377548603 -4.305189541 34.380334251 -4.305189541 34.380334251 -4.307967319|TARGCAT=Galaxy|TARGDESC=Active galactic nuclei; Active galaxies; Quasars|TARGET_DESCRIP=Galaxy; Active galactic nuclei; Active galaxies; Quasars|TARGNAME=XN8144,34.37894142659542,-4.30657843044328,MIRI/IFU,MIR_MRS,3158,"Mainieri, Vincenzo",2,60302.526903032405,907.817,CH34-SHORT,MIRIFULONG
jw06350-c1009_t005_miri_ch1-long,J1619+3342,SREGION=POLYGON ICRS  244.817961583 33.709938169 244.817961583 33.711454836 244.819958487 33.711454836 244.819958487 33.709938169|TARGCAT=Galaxy|TARGDESC=Quasars|TARGET_DESCRIP=Galaxy; Quasars|TARGNAME=J1619+3342,244.81896003467008,33.71069650460819,MIRI/IFU,MIR_MRS,6350,"Kulkarni, Varsha Purushottam",3,60723.68958474537,899.112,CH1-LONG,MIRIFUSHORT
jw01335-c1003_t002_miri_ch1-short,F2M1106-MIRI,SREGION=POLYGON ICRS  166.700042479 48.119242795 166.700042479 48.120903906 166.702638996 48.120903906 166.702638996 48.119242795|TARGCAT=Galaxy|TARGDESC=Active galactic nuclei; Emission line galaxies; Quasars|TARGET_DESCRIP=Galaxy; Active galactic nuclei; Emission line galaxies; Quasars|TARGNAME=F2M1106,166.7013407368589,48.12007335325943,MIRI/IFU,MIR_MRS,1335,"Wylezalek, Dominika",3,59904.18977237269,1051.156,CH1-SHORT,MIRIFUSHORT
jw07492015001_xx104_00002_miri,ERQ_J000610.67+121501.2,SREGION=POLYGON ICRS 1.54405098103 12.25029368785 1.5440629132 12.25043646266 1.54540117587 12.25032869625 1.54538895261 12.25018619599|TARGETCATEGORY=Galaxy|TARGETKEYWORDS=Active galactic nuclei ; Quasars|TOO=N,1.5447258123766978,12.250311279941783,MIRI/SLIT,,7492,"Wylezalek, Dominika",-1,,1798.226,,
jw07492001001_xx103_00001_miri,BQ_J1220+0004,SREGION=POLYGON ICRS 185.163461542 0.07435707874 185.16347320269 0.07449985353 185.16478099392 0.07439208846 185.16476904947 0.07424958816|TARGETCATEGORY=Galaxy|TARGETKEYWORDS=Active galactic nuclei ; Quasars|TOO=N,185.16412096357135,0.07437467065569958,MIRI/SLIT,,7492,"Wylezalek, Dominika",-1,,1798.226,,
jw07492002001_xx102_00001_miri,BQ_J1436+6336,SREGION=POLYGON ICRS 219.18876911272 63.61054595271 219.18879533743 63.61068872787 219.1917377054 63.61058097457 219.19171082758 63.61043847442|TARGETCATEGORY=Galaxy|TARGETKEYWORDS=Active galactic nuclei ; Quasars|TOO=N,219.19025280770722,63.61056356246264,MIRI/SLIT,,7492,"Wylezalek, Dominika",-1,,13.875,F1500W,
jw07492011001_xx104_00002_miri,ERQ_J134800.13-025006.4,SREGION=POLYGON ICRS 207.00014310192 -2.83515075622 207.00015477693 -2.83500798143 207.00146416971 -2.8351157462 207.00145221074 -2.83525824652|TARGETCATEGORY=Galaxy|TARGETKEYWORDS=Active galactic nuclei ; Quasars|TOO=N,207.00080337661504,-2.835133164266367,MIRI/SLIT,,7492,"Wylezalek, Dominika",-1,,1798.226,,
jw07492013001_xx104_00002_miri,ERQ_J001120.22+260109.2,SREGION=POLYGON ICRS 2.83380702651 26.01918257636 2.8338200018 26.01932535119 2.83527529019 26.01921758314 2.83526199737 26.01907508292|TARGETCATEGORY=Galaxy|TARGETKEYWORDS=Active galactic nuclei ; Quasars|TOO=N,2.834540868105104,26.01920016866313,MIRI/SLIT,,7492,"Wylezalek, Dominika",-1,,1798.226,,
jw07492012001_xx104_00002_miri,ERQ_J135608.32+073017.2,SREGION=POLYGON ICRS 209.03426515041 7.50473813241 209.0342769117 7.50488090721 209.03559600127 7.50477314133 209.03558395333 7.50463064105|TARGETCATEGORY=Galaxy|TARGETKEYWORDS=Active galactic nuclei ; Quasars|TOO=N,209.0349303131987,7.504755724377091,MIRI/SLIT,,7492,"Wylezalek, Dominika",-1,,1798.226,,
jw02177-c1005_t003_miri_ch1-long,J1333+1649,SREGION=POLYGON ICRS  203.398209801 16.816927019 203.398209801 16.818588130 203.400020590 16.818588130 203.400020590 16.816927019|TARGCAT=Galaxy|TARGDESC=Active galactic nuclei; Active galaxies; Quasars|TARGET_DESCRIP=Galaxy; Active galactic nuclei; Active galaxies; Quasars|TARGNAME=J1333+1649,203.39911519800071,16.817757574968482,MIRI/IFU,MIR_MRS,2177,"Mainieri, Vincenzo",3,60127.38395333333,11084.924,CH1-LONG,MIRIFUSHORT
jw08457011001_xx104_00004_nirspec,IRAS04416+1215-NIRSpec,SREGION=POLYGON ICRS 71.11983901505 12.35271740738 71.11924171637 12.35338806753 71.11989912965 12.35396049944 71.12049646332 12.35329005204|STANDARDTARGETNAME=IRAS04416+1215-NIRSpec|TARGETCATEGORY=Galaxy|TARGETKEYWORDS=Active galactic nuclei ; Active galaxies|TOO=N,71.11986908276486,12.353338988516072,NIRSPEC/IFU,,8457,"Ricci, Claudio",-1,,515.365,F170LP;G235H,
jw02057016001_02101_00002_nrs2,RM470,SREGION=POLYGON ICRS  215.197306563 53.800485701 215.197051254 53.799609781 215.198489561 53.799473888 215.198745217 53.800349914|TARGCAT=Galaxy|TARGDESC=Quasars|TARGET_DESCRIP=Galaxy; Quasars,215.19789816428457,53.79997983792512,NIRSPEC/IFU,NRS_IFU,2057,"Shen, Yue",2,60015.82952954861,598.144,F100LP;G140M,NRS2
jw03158-o004_t004_miri_ch1-short,XN11523,SREGION=POLYGON ICRS  37.522737463 -5.138047381 37.522737463 -5.136458492 37.524405275 -5.136458492 37.524405275 -5.138047381|TARGCAT=Galaxy|TARGDESC=Active galactic nuclei; Active galaxies; Quasars|TARGET_DESCRIP=Galaxy; Active galactic nuclei; Active galaxies; Quasars|TARGNAME=XN11523,37.52357136842434,-5.137252936750542,MIRI/IFU,MIR_MRS,3158,"Mainieri, Vincenzo",3,60287.81319597268,14525.072,CH1-SHORT,MIRIFUSHORT
jw01220002001_03101_00004_nrs2,LBQS0302-0019+JIL,SREGION=POLYGON ICRS  46.207370676 -0.137693061 46.207370676 -0.136359727 46.208648457 -0.136359727 46.208648457 -0.137693061|TARGCAT=Galaxy|TARGDESC=High-redshift galaxies; Quasar-galaxy pairs; Quasars|TARGET_DESCRIP=Galaxy; High-redshift galaxies; Quasar-galaxy pairs; Quasars,46.20800956330141,-0.13702639399038605,NIRSPEC/IFU,NRS_IFU,1220,"Luetzgendorf, Nora",2,59801.96109597222,875.333,F170LP;G235H,NRS2
jw05645007001_02101_00002_nrs1,J0005-0006,SREGION=POLYGON ICRS  1.467411421 -0.116106181 1.467411421 -0.114772847 1.468689202 -0.114772847 1.468689202 -0.116106181|TARGCAT=Galaxy|TARGDESC=High-redshift galaxies; Quasars|TARGET_DESCRIP=Galaxy; High-redshift galaxies; Quasars,1.4680503114989167,-0.11543951399991456,NIRSPEC/IFU,NRS_IFU,5645,"Farina, Emanuele Paolo",2,60644.84199179398,656.5,F290LP;G395H,NRS1
jw02057016001_02101_00002_nrs2,RM470,SREGION=POLYGON ICRS  215.197306563 53.800485701 215.197051254 53.799609781 215.198489561 53.799473888 215.198745217 53.800349914|TARGCAT=Galaxy|TARGDESC=Quasars|TARGET_DESCRIP=Galaxy; Quasars,215.19789816428457,53.79997983792512,NIRSPEC/IFU,NRS_IFU,2057,"Shen, Yue",1,60015.82952954861,598.144,F100LP;G140M,NRS2
jw05761001001_02101_00002_nrs1,QSO-J0817+1351,SREGION=POLYGON ICRS  124.418992859 13.860309369 124.418190360 13.859791499 124.418720907 13.859035419 124.419523188 13.859553551|TARGCAT=Galaxy|TARGDESC=Quasars|TARGET_DESCRIP=Galaxy; Quasars|TARGNAME=QSO J0817+1351,124.41885680205974,13.85967244558806,NIRSPEC/SLIT,NRS_TACONFIRM,5761,"Neeleman, Marcel",2,60743.92974024305,0.224,CLEAR;MIRROR,NRS1
jw02457-o054_t004_nirspec_g235h-f170lp,SDSS-J123241.73+091209.3,SREGION=POLYGON ICRS  188.173204404 9.201971334 188.173204404 9.203249112 188.174611404 9.203249112 188.174611404 9.201971334|TARGCAT=Galaxy|TARGDESC=Quasars|TARGET_DESCRIP=Galaxy; Quasars|TARGNAME=SDSS J123241.73+091209.3,188.17390790345843,9.202610223309378,NIRSPEC/IFU,NRS_IFU,2457,"Vayner, Andrey",3,60481.65025417824,16047.767999999996,F170LP;G235H,MULTIPLE
jw03257-o008_t008_miri_ch1-long,AGN-CID-467,SREGION=POLYGON ICRS  150.101307405 2.104410866 150.101307405 2.106505311 150.102752826 2.106505311 150.102752826 2.104410866|TARGCAT=Galaxy|TARGDESC=Active galactic nuclei; High-redshift galaxies|TARGET_DESCRIP=Galaxy; Active galactic nuclei; High-redshift galaxies|TARGNAME=cid-467,150.10203011555214,2.105458088433892,MIRI/IFU,MIR_MRS,3257,"Kakkad, Darshan",3,60444.68268730324,6880.296,CH1-LONG,MIRIFUSHORT
jw02057004001_03101_00002_nrs2,RM052,SREGION=POLYGON ICRS  213.209317703 53.289205444 213.209299456 53.288316707 213.210738563 53.288316340 213.210757122 53.289205214|TARGCAT=Galaxy|TARGDESC=Quasars|TARGET_DESCRIP=Galaxy; Quasars,213.21002823021232,53.288760942629686,NIRSPEC/IFU,NRS_IFU,2057,"Shen, Yue",1,60026.68690930556,598.144,F100LP;G140M,NRS2
jw05761001001_02101_00002_nrs1,QSO-J0817+1351,SREGION=POLYGON ICRS  124.418992859 13.860309369 124.418190360 13.859791499 124.418720907 13.859035419 124.419523188 13.859553551|TARGCAT=Galaxy|TARGDESC=Quasars|TARGET_DESCRIP=Galaxy; Quasars|TARGNAME=QSO J0817+1351,124.41885680205974,13.85967244558806,NIRSPEC/SLIT,NRS_TACONFIRM,5761,"Neeleman, Marcel",1,60743.92974024305,0.224,CLEAR;MIRROR,NRS1
jw02701-o001_t001_nirspec_g235h-f170lp,2XMM-J100043.1+020637,SREGION=POLYGON ICRS  150.179079242 2.109744172 150.179079242 2.110966394 150.180413480 2.110966394 150.180413480 2.109744172|TARGCAT=Galaxy|TARGDESC=Active galactic nuclei; Active galaxies; Galaxy nuclei; Interacting galaxies; Quasar-galaxy pairs|TARGET_DESCRIP=Galaxy; Active galactic nuclei; Active galaxies; Galaxy nuclei; Interacting galaxies; Quasar-galaxy pairs|TARGNAME=2XMM J100043.1+020637,150.17974636090466,2.110355283060869,NIRSPEC/IFU,NRS_IFU,2701,"Mueller-Sanchez, Francisco",3,60312.746005740744,35013.336,F170LP;G235H,MULTIPLE
jw01220002001_03101_00004_nrs2,LBQS0302-0019+JIL,SREGION=POLYGON ICRS  46.207370676 -0.137693061 46.207370676 -0.136359727 46.208648457 -0.136359727 46.208648457 -0.137693061|TARGCAT=Galaxy|TARGDESC=High-redshift galaxies; Quasar-galaxy pairs; Quasars|TARGET_DESCRIP=Galaxy; High-redshift galaxies; Quasar-galaxy pairs; Quasars,46.20800956330141,-0.13702639399038605,NIRSPEC/IFU,NRS_IFU,1220,"Luetzgendorf, Nora",1,59801.96109597222,875.333,F170LP;G235H,NRS2
jw04912-o007_t001_nirspec_g395h-f290lp,J1148+5251,SREGION=POLYGON ICRS  177.068101941 52.863280794 177.068101941 52.864669683 177.070586620 52.864669683 177.070586620 52.863280794|TARGCAT=Galaxy|TARGDESC=Active galactic nuclei; High-redshift galaxies; Quasars|TARGET_DESCRIP=Galaxy; Active galactic nuclei; High-redshift galaxies; Quasars|TARGNAME=J1148+5251,177.0693442806524,52.86397524128111,NIRSPEC/IFU,NRS_IFU,4912,"Carniani, Stefano",3,60772.9621871412,21883.332000000002,F290LP;G395H,MULTIPLE
jw02155-o002_t002_miri_ch1-long,J0900+0214,SREGION=POLYGON ICRS  135.068686650 2.245364060 135.068686650 2.246736283 135.070276761 2.246736283 135.070276761 2.245364060|TARGCAT=Galaxy|TARGDESC=Quasars|TARGET_DESCRIP=Galaxy; Quasars,135.06948170586102,2.246050171622713,MIRI/IFU,MIR_MRS,2155,"Kulkarni, Varsha Purushottam",3,60037.3878538662,1653.924,CH1-LONG,MIRIFUSHORT
jw02057008001_03101_00002_nrs2,RM312,SREGION=POLYGON ICRS  212.426200202 52.588487112 212.425947021 52.587611719 212.427344450 52.587472886 212.427597967 52.588348384|TARGCAT=Galaxy|TARGDESC=Quasars|TARGET_DESCRIP=Galaxy; Quasars,212.4267724356043,52.587980038529736,NIRSPEC/IFU,NRS_IFU,2057,"Shen, Yue",2,60015.72669704861,598.144,F100LP;G140M,NRS2
jw02155005001_03102_00003_mirifushort,J1017+4749,SREGION=POLYGON ICRS  154.462099412 47.827136416 154.462099412 47.828436416 154.464250954 47.828436416 154.464250954 47.827136416|TARGCAT=Galaxy|TARGDESC=Quasars|TARGET_DESCRIP=Galaxy; Quasars,154.46317518448322,47.827786418664175,MIRI/IFU,MIR_MRS,2155,"Kulkarni, Varsha Purushottam",2,59942.152232280096,166.502,CH12-LONG,MIRIFUSHORT
jw08258017001_xx101_00001_nirspec,J1249+1550,SREGION=POLYGON ICRS 192.41986487413 15.84784568939 192.4192583494 15.84851634956 192.41992591783 15.84908878143 192.42053247799 15.84841833358|TARGETCATEGORY=Galaxy|TARGETKEYWORDS=Starburst galaxies|TOO=N,192.41989540232058,15.848467271001935,NIRSPEC/IFU,,8258,"Marques-Chaves, Rui",-1,,1313.0,F100LP;G140M,
jw02057006001_03101_00002_nrs2,RM275,SREGION=POLYGON ICRS  212.465299029 53.526537009 212.465066010 53.525659065 212.466498056 53.525535067 212.466731417 53.526413120|TARGCAT=Galaxy|TARGDESC=Quasars|TARGET_DESCRIP=Galaxy; Quasars,212.46589865483628,53.52603607854119,NIRSPEC/IFU,NRS_IFU,2057,"Shen, Yue",1,60015.677222280094,598.144,F100LP;G140M,NRS2
jw02654001001_03101_00006_nrs2,SDSSJ0841-NIRSPEC,SREGION=POLYGON ICRS  130.373724375 48.429495941 130.374945252 48.429861608 130.374397876 48.430641461 130.373176690 48.430275882|TARGCAT=Galaxy|TARGDESC=Active galactic nuclei; Emission line galaxies; Quasar-galaxy pairs|TARGET_DESCRIP=Galaxy; Active galactic nuclei; Emission line galaxies; Quasar-galaxy pairs|TARGNAME=SDSSJ0841,130.37406102253297,48.43006872971692,NIRSPEC/IFU,NRS_IFU,2654,"Ishikawa, Yuzo",1,60054.488587465275,364.722,F100LP;G140M,NRS2
jw02057006001_03101_00002_nrs2,RM275,SREGION=POLYGON ICRS  212.465299029 53.526537009 212.465066010 53.525659065 212.466498056 53.525535067 212.466731417 53.526413120|TARGCAT=Galaxy|TARGDESC=Quasars|TARGET_DESCRIP=Galaxy; Quasars,212.46589865483628,53.52603607854119,NIRSPEC/IFU,NRS_IFU,2057,"Shen, Yue",2,60015.677222280094,598.144,F100LP;G140M,NRS2
jw03869-c1021_t023_miri_ch2-short,IRAS-11119+3257,SREGION=POLYGON ICRS  168.660817394 32.691663244 168.660817394 32.693646578 168.663286322 32.693646578 168.663286322 32.691663244|TARGCAT=Galaxy|TARGDESC=Ultraluminous infrared galaxies|TARGET_DESCRIP=Galaxy; Ultraluminous infrared galaxies|TARGNAME=IRAS 11119+3257,168.66205185789036,32.69265491336313,MIRI/IFU,MIR_MRS,3869,"Veilleux, Sylvain",3,60453.4059991088,899.112,CH2-SHORT,MIRIFUSHORT
jw06350011001_03106_00003_mirifushort,J1418+1541,SREGION=POLYGON ICRS  214.710509299 15.684309217 214.710509299 15.685825883 214.712159650 15.685825883 214.712159650 15.684309217|TARGCAT=Galaxy|TARGDESC=Quasars|TARGET_DESCRIP=Galaxy; Quasars|TARGNAME=J1418+1541,214.71133447576008,15.685067550379939,MIRI/IFU,MIR_MRS,6350,"Kulkarni, Varsha Purushottam",1,60723.59428706019,502.282,CH12-SHORT,MIRIFUSHORT
jw02057-o020_t010_nirspec_g140m-f100lp,RM734,SREGION=POLYGON ICRS  213.607098273 51.633113381 213.607098273 51.634502270 213.609156962 51.634502270 213.609156962 51.633113381|TARGCAT=Galaxy|TARGDESC=Quasars|TARGET_DESCRIP=Galaxy; Quasars,213.6081276169414,51.63380782663631,NIRSPEC/IFU,NRS_IFU,2057,"Shen, Yue",3,60036.98431921296,2392.576,F100LP;G140M,NRS1
jw01217-o015_t015_nirspec_g235h-f170lp,1638-COS-3.49-A,SREGION=POLYGON ICRS  150.734791294 2.198868295 150.734791294 2.200257184 150.736292401 2.200257184 150.736292401 2.198868295|TARGCAT=Galaxy|TARGDESC=High-redshift galaxies|TARGET_DESCRIP=Galaxy; High-redshift galaxies,150.73554184607988,2.1995627395502737,NIRSPEC/IFU,NRS_IFU,1217,"Luetzgendorf, Nora",3,60061.061154525465,7002.664,F170LP;G235H,MULTIPLE
jw02457052001_03102_00006_nrs1,SDSS-J083200.20+161500.3,SREGION=POLYGON ICRS  128.000175694 16.249496526 128.000175694 16.250718748 128.001564515 16.250718748 128.001564515 16.249496526|TARGCAT=Galaxy|TARGDESC=Quasars|TARGET_DESCRIP=Galaxy; Quasars|TARGNAME=SDSS J083200.20+161500.3,128.0008701046853,16.250107637560916,NIRSPEC/IFU,NRS_IFU,2457,"Vayner, Andrey",1,59922.35978313658,729.444,F170LP;G235H,NRS1
jw02057014001_02101_00002_nrs2,RM401,SREGION=POLYGON ICRS  212.487773078 53.846149138 212.489214064 53.845889775 212.489623041 53.846715530 212.488181887 53.846975098|TARGCAT=Galaxy|TARGDESC=Quasars|TARGET_DESCRIP=Galaxy; Quasars,212.48869799884247,53.84643240259803,NIRSPEC/IFU,NRS_IFU,2057,"Shen, Yue",1,60097.41097070602,598.144,F100LP;G140M,NRS2
jw06350003001_04106_00003_mirifushort,J0937+5628,SREGION=POLYGON ICRS  144.407325159 56.476740939 144.407325159 56.478257606 144.409809929 56.478257606 144.409809929 56.476740939|TARGCAT=Galaxy|TARGDESC=Quasars|TARGET_DESCRIP=Galaxy; Quasars|TARGNAME=J0937+5628,144.4085675458517,56.47749927426135,MIRI/IFU,MIR_MRS,6350,"Kulkarni, Varsha Purushottam",1,60729.51651070602,557.783,CH12-LONG,MIRIFUSHORT
jw02654001001_03101_00006_nrs2,SDSSJ0841-NIRSPEC,SREGION=POLYGON ICRS  130.373724375 48.429495941 130.374945252 48.429861608 130.374397876 48.430641461 130.373176690 48.430275882|TARGCAT=Galaxy|TARGDESC=Active galactic nuclei; Emission line galaxies; Quasar-galaxy pairs|TARGET_DESCRIP=Galaxy; Active galactic nuclei; Emission line galaxies; Quasar-galaxy pairs|TARGNAME=SDSSJ0841,130.37406102253297,48.43006872971692,NIRSPEC/IFU,NRS_IFU,2654,"Ishikawa, Yuzo",2,60054.488587465275,364.722,F100LP;G140M,NRS2
jw02057-o012_t006_nirspec_g140m-f100lp,RM387,SREGION=POLYGON ICRS  214.770841207 53.897724481 214.770841207 53.899057814 214.772915548 53.899057814 214.772915548 53.897724481|TARGCAT=Galaxy|TARGDESC=Quasars|TARGET_DESCRIP=Galaxy; Quasars,214.77187837780323,53.898391148323256,NIRSPEC/IFU,NRS_IFU,2057,"Shen, Yue",3,60035.469440775465,2392.576,F100LP;G140M,NRS1
jw08258009001_xx104_00004_nirspec,J0850+1549,SREGION=POLYGON ICRS 132.66157767031 15.82211632885 132.66249023132 15.82197718451 132.66236091293 15.82112594555 132.66144847116 15.82126490301|TARGETCATEGORY=Galaxy|TARGETKEYWORDS=Starburst galaxies|TOO=N,132.66196930902507,15.821621104320583,NIRSPEC/IFU,,8258,"Marques-Chaves, Rui",-1,,948.278,F100LP;G140M,
jw02155-o007_t007_miri_ch1-long,J1138+5245,SREGION=POLYGON ICRS  174.652424078 52.752354682 174.652424078 52.754015793 174.655287964 52.754015793 174.655287964 52.752354682|TARGCAT=Galaxy|TARGDESC=Quasars|TARGET_DESCRIP=Galaxy; Quasars,174.65385602113923,52.7531852408492,MIRI/IFU,MIR_MRS,2155,"Kulkarni, Varsha Purushottam",3,59983.0561942162,1587.324,CH1-LONG,MIRIFUSHORT
jw06350009001_04101_00003_mirifushort,J0913+5259,SREGION=POLYGON ICRS  138.252756706 52.990513361 138.252756706 52.992318917 138.255756356 52.992318917 138.255756356 52.990513361|TARGCAT=Galaxy|TARGDESC=Quasars|TARGET_DESCRIP=Galaxy; Quasars|TARGNAME=J0913+5259,138.25425653209436,52.99141614261494,MIRI/IFU,MIR_MRS,6350,"Kulkarni, Varsha Purushottam",2,60763.427182314816,557.783,CH12-SHORT,MIRIFUSHORT
jw07893012001_xx103_00002_nirspec,RM363,SREGION=POLYGON ICRS 215.30571350297 52.82472634524 215.30472061937 52.82541267143 215.3047868958 52.8254482325 215.3057797489 52.82476192668|TARGETCATEGORY=Galaxy|TARGETKEYWORDS=Quasars|TOO=N,215.30525018762359,52.82508729759685,NIRSPEC/SLIT,,7893,"Zhuang, Mingyang",-1,,889.922,F170LP;G235M,
jw05893011002_03101_00001_nrca4,C3D-11_CWEBTILE-4-11,SREGION=POLYGON ICRS  150.187465843 2.127201310 150.204013837 2.121251352 150.210057828 2.137650780 150.193485666 2.143811613|TARGCAT=Galaxy|TARGDESC=Field galaxies|TARGET_DESCRIP=Galaxy; Field galaxies|TARGNAME=C3D-11,150.1987435986983,2.1324916415424298,NIRCAM/IMAGE,NRC_IMAGE,5893,"Kakiichi, Koki",1,60786.178601782405,311.366,F115W,NRCA4
jw02155-o003_t003_miri_ch1-long,J0901+2044,SREGION=POLYGON ICRS  135.343597183 20.745490974 135.343597183 20.747007640 135.345373480 20.747007640 135.345373480 20.745490974|TARGCAT=Galaxy|TARGDESC=Quasars|TARGET_DESCRIP=Galaxy; Quasars,135.34448533073737,20.74624930776339,MIRI/IFU,MIR_MRS,2155,"Kulkarni, Varsha Purushottam",3,60051.177176212965,333.004,CH1-LONG,MIRIFUSHORT
jw08258019001_xx104_00004_nirspec,J1316+2614,SREGION=POLYGON ICRS 199.12337024247 26.23468699355 199.12271976456 26.23535765271 199.12343570899 26.23593008562 199.1240862245 26.23525963742|TARGETCATEGORY=Galaxy|TARGETKEYWORDS=Starburst galaxies|TOO=N,199.12340298444613,26.235308575243778,NIRSPEC/IFU,,8258,"Marques-Chaves, Rui",-1,,1458.889,F170LP;G235M,
jw06350003001_04106_00003_mirifushort,J0937+5628,SREGION=POLYGON ICRS  144.407325159 56.476740939 144.407325159 56.478257606 144.409809929 56.478257606 144.409809929 56.476740939|TARGCAT=Galaxy|TARGDESC=Quasars|TARGET_DESCRIP=Galaxy; Quasars|TARGNAME=J0937+5628,144.4085675458517,56.47749927426135,MIRI/IFU,MIR_MRS,6350,"Kulkarni, Varsha Purushottam",2,60729.51651070602,557.783,CH12-LONG,MIRIFUSHORT
jw01205-o001_t001_nirspec_g235m-f170lp,J134040.24+281328.1,SREGION=POLYGON ICRS  205.166735966 28.223816468 205.166735966 28.225260912 205.168564499 28.225260912 205.168564499 28.223816468|TARGCAT=Galaxy|TARGDESC=Active galactic nuclei; Quasars|TARGET_DESCRIP=Galaxy; Active galactic nuclei; Quasars|TARGNAME=J134040.24+281328.1,205.16765023314065,28.224538691285346,NIRSPEC/IFU,NRS_IFU,1205,"Rieke, George",3,60082.85903950231,7294.444,F170LP;G235M,NRS1
jw06350011001_03106_00003_mirifushort,J1418+1541,SREGION=POLYGON ICRS  214.710509299 15.684309217 214.710509299 15.685825883 214.712159650 15.685825883 214.712159650 15.684309217|TARGCAT=Galaxy|TARGDESC=Quasars|TARGET_DESCRIP=Galaxy; Quasars|TARGNAME=J1418+1541,214.71133447576008,15.685067550379939,MIRI/IFU,MIR_MRS,6350,"Kulkarni, Varsha Purushottam",2,60723.59428706019,502.282,CH12-SHORT,MIRIFUSHORT
jw02057002001_02101_00004_nrs1,RM032,SREGION=POLYGON ICRS  213.305330089 52.930016238 213.305330089 52.931238460 213.307449922 52.931238460 213.307449922 52.930016238|TARGCAT=Galaxy|TARGDESC=Quasars|TARGET_DESCRIP=Galaxy; Quasars,213.30639000663191,52.9306273504815,NIRSPEC/IFU,NRS_IFU,2057,"Shen, Yue",1,60089.40636361111,598.144,F100LP;G140M,NRS1
jw02457001001_04101_00010_nrs2,SDSS-J221524.00-005643.8,SREGION=POLYGON ICRS  333.849369174 -0.946151022 333.849369174 -0.944817688 333.850647127 -0.944817688 333.850647127 -0.946151022|TARGCAT=Galaxy|TARGDESC=Quasars|TARGET_DESCRIP=Galaxy; Quasars|TARGNAME=SDSS J221524.00-005643.8,333.8500102473982,-0.9454843609330481,NIRSPEC/IFU,NRS_IFU,2457,"Vayner, Andrey",2,59906.805567951385,729.444,F170LP;G235H,NRS2
jw02057008001_03101_00002_nrs2,RM312,SREGION=POLYGON ICRS  212.426200202 52.588487112 212.425947021 52.587611719 212.427344450 52.587472886 212.427597967 52.588348384|TARGCAT=Galaxy|TARGDESC=Quasars|TARGET_DESCRIP=Galaxy; Quasars,212.4267724356043,52.587980038529736,NIRSPEC/IFU,NRS_IFU,2057,"Shen, Yue",1,60015.72669704861,598.144,F100LP;G140M,NRS2
jw07893004001_xx104_00003_nirspec,DES0228,SREGION=POLYGON ICRS 37.11787944145 -4.01280402558 37.11727801867 -4.01211769778 37.11731816463 -4.01208213709 37.11791956909 -4.01276844394|TARGETCATEGORY=Galaxy|TARGETKEYWORDS=Quasars|TOO=N,37.11759878791886,-4.012443076792152,NIRSPEC/SLIT,,7893,"Zhuang, Mingyang",-1,,291.778,F170LP;G235M,
jw05645007001_02101_00002_nrs1,J0005-0006,SREGION=POLYGON ICRS  1.467411421 -0.116106181 1.467411421 -0.114772847 1.468689202 -0.114772847 1.468689202 -0.116106181|TARGCAT=Galaxy|TARGDESC=High-redshift galaxies; Quasars|TARGET_DESCRIP=Galaxy; High-redshift galaxies; Quasars,1.4680503114989167,-0.11543951399991456,NIRSPEC/IFU,NRS_IFU,5645,"Farina, Emanuele Paolo",1,60644.84199179398,656.5,F290LP;G395H,NRS1
jw02155008001_03106_00003_mirifushort,J1431+0007,SREGION=POLYGON ICRS  217.786661889 0.122871055 217.786661889 0.124387722 217.788250782 0.124387722 217.788250782 0.122871055|TARGCAT=Galaxy|TARGDESC=Quasars|TARGET_DESCRIP=Galaxy; Quasars,217.78745633570676,0.12362938850141082,MIRI/IFU,MIR_MRS,2155,"Kulkarni, Varsha Purushottam",2,60008.07167340278,166.502,CH12-SHORT,MIRIFUSHORT
jw01198011001_02101_00004_nrs2,HB89-1115+080,SREGION=POLYGON ICRS  169.570182525 7.765768859 169.571047140 7.766005637 169.570805933 7.766832055 169.569941137 7.766595400|TARGCAT=Galaxy|TARGDESC=Elliptical galaxies; Quasars|TARGET_DESCRIP=Galaxy; Elliptical galaxies; Quasars|TARGNAME=[HB89] 1115+080,169.57049416646282,7.76630049473917,NIRSPEC/IFU,NRS_IFU,1198,"Stiavelli, Massimo",2,60060.8659612037,3501.334,F100LP;G140M,NRS2
jw02155005001_03102_00003_mirifushort,J1017+4749,SREGION=POLYGON ICRS  154.462099412 47.827136416 154.462099412 47.828436416 154.464250954 47.828436416 154.464250954 47.827136416|TARGCAT=Galaxy|TARGDESC=Quasars|TARGET_DESCRIP=Galaxy; Quasars,154.46317518448322,47.827786418664175,MIRI/IFU,MIR_MRS,2155,"Kulkarni, Varsha Purushottam",1,59942.152232280096,166.502,CH12-LONG,MIRIFUSHORT
jw02057-o010_t005_nirspec_g140m-f100lp,RM332,SREGION=POLYGON ICRS  212.181084650 52.827473720 212.181084650 52.828695942 212.182923629 52.828695942 212.182923629 52.827473720|TARGCAT=Galaxy|TARGDESC=Quasars|TARGET_DESCRIP=Galaxy; Quasars,212.18200414004343,52.82808483152218,NIRSPEC/IFU,NRS_IFU,2057,"Shen, Yue",3,60015.77042368056,2392.576,F100LP;G140M,NRS1
jw02654007001_04101_00002_nrs1,SDSSJ0749-NIRSPEC-REPEAT,SREGION=POLYGON ICRS  117.344963082 22.919311331 117.344963082 22.920589109 117.346471030 22.920589109 117.346471030 22.919311331|TARGCAT=Galaxy|TARGDESC=Active galactic nuclei; Emission line galaxies; Quasar-galaxy pairs|TARGET_DESCRIP=Galaxy; Active galactic nuclei; Emission line galaxies; Quasar-galaxy pairs|TARGNAME=SDSSJ0749-V2,117.34571705555025,22.91995022046346,NIRSPEC/IFU,NRS_IFU,2654,"Ishikawa, Yuzo",1,59906.89169034722,364.722,F100LP;G140M,NRS1
jw02457001001_04101_00010_nrs2,SDSS-J221524.00-005643.8,SREGION=POLYGON ICRS  333.849369174 -0.946151022 333.849369174 -0.944817688 333.850647127 -0.944817688 333.850647127 -0.946151022|TARGCAT=Galaxy|TARGDESC=Quasars|TARGET_DESCRIP=Galaxy; Quasars|TARGNAME=SDSS J221524.00-005643.8,333.8500102473982,-0.9454843609330481,NIRSPEC/IFU,NRS_IFU,2457,"Vayner, Andrey",1,59906.805567951385,729.444,F170LP;G235H,NRS2
jw01205-o004_t003_nirspec_g235m-f170lp,J073103.12+445949.4,SREGION=POLYGON ICRS  112.761824161 44.996288847 112.761824161 44.997844402 112.764181094 44.997844402 112.764181094 44.996288847|TARGCAT=Galaxy|TARGDESC=Active galactic nuclei; Quasars|TARGET_DESCRIP=Galaxy; Active galactic nuclei; Quasars|TARGNAME=J073103.12+445949.4,112.76300262645815,44.99706662579923,NIRSPEC/IFU,NRS_IFU,1205,"Rieke, George",3,60004.82300091435,5835.556,F170LP;G235M,NRS1
jw02057004001_03101_00002_nrs2,RM052,SREGION=POLYGON ICRS  213.209317703 53.289205444 213.209299456 53.288316707 213.210738563 53.288316340 213.210757122 53.289205214|TARGCAT=Galaxy|TARGDESC=Quasars|TARGET_DESCRIP=Galaxy; Quasars,213.21002823021232,53.288760942629686,NIRSPEC/IFU,NRS_IFU,2057,"Shen, Yue",2,60026.68690930556,598.144,F100LP;G140M,NRS2
jw02057002001_02101_00004_nrs1,RM032,SREGION=POLYGON ICRS  213.305330089 52.930016238 213.305330089 52.931238460 213.307449922 52.931238460 213.307449922 52.930016238|TARGCAT=Galaxy|TARGDESC=Quasars|TARGET_DESCRIP=Galaxy; Quasars,213.30639000663191,52.9306273504815,NIRSPEC/IFU,NRS_IFU,2057,"Shen, Yue",2,60089.40636361111,598.144,F100LP;G140M,NRS1
jw02057-o018_t009_nirspec_g140m-f100lp,RM549,SREGION=POLYGON ICRS  214.129799443 54.288114009 214.129799443 54.289558453 214.132369303 54.289558453 214.132369303 54.288114009|TARGCAT=Galaxy|TARGDESC=Quasars|TARGET_DESCRIP=Galaxy; Quasars,214.13108437154597,54.28883623407447,NIRSPEC/IFU,NRS_IFU,2057,"Shen, Yue",3,60065.49234456018,2392.576,F100LP;G140M,NRS1
jw02155008001_03106_00003_mirifushort,J1431+0007,SREGION=POLYGON ICRS  217.786661889 0.122871055 217.786661889 0.124387722 217.788250782 0.124387722 217.788250782 0.122871055|TARGCAT=Galaxy|TARGDESC=Quasars|TARGET_DESCRIP=Galaxy; Quasars,217.78745633570676,0.12362938850141082,MIRI/IFU,MIR_MRS,2155,"Kulkarni, Varsha Purushottam",1,60008.07167340278,166.502,CH12-SHORT,MIRIFUSHORT
jw07893014001_xx104_00003_nirspec,RM372,SREGION=POLYGON ICRS 213.15263169884 54.03067375045 213.15161024618 54.03136007932 213.15167843026 54.03139564023 213.15269985155 54.03070933169|TARGETCATEGORY=Galaxy|TARGETKEYWORDS=Quasars|TOO=N,213.15215508533515,54.0310346937811,NIRSPEC/SLIT,,7893,"Zhuang, Mingyang",-1,,889.922,F100LP;G140M,
jw02155004001_03102_00003_mirifushort,J1007+2853,SREGION=POLYGON ICRS  151.806114321 28.896010979 151.806114321 28.897527645 151.807929188 28.897527645 151.807929188 28.896010979|TARGCAT=Galaxy|TARGDESC=Quasars|TARGET_DESCRIP=Galaxy; Quasars,151.8070217552685,28.896769313367717,MIRI/IFU,MIR_MRS,2155,"Kulkarni, Varsha Purushottam",1,59942.08173041666,55.501,CH12-LONG,MIRIFUSHORT
jw08258005001_xx101_00001_nirspec,J0121+0025,SREGION=POLYGON ICRS 20.4837386761 0.42168735605 20.48315519119 0.42235801697 20.4837974006 0.42293044812 20.48438092006 0.42226000134|TARGETCATEGORY=Galaxy|TARGETKEYWORDS=Starburst galaxies|TOO=N,20.48376805243759,0.4223089375381918,NIRSPEC/IFU,,8258,"Marques-Chaves, Rui",-1,,1094.167,F170LP;G235M,
jw02057014001_02101_00002_nrs2,RM401,SREGION=POLYGON ICRS  212.487773078 53.846149138 212.489214064 53.845889775 212.489623041 53.846715530 212.488181887 53.846975098|TARGCAT=Galaxy|TARGDESC=Quasars|TARGET_DESCRIP=Galaxy; Quasars,212.48869799884247,53.84643240259803,NIRSPEC/IFU,NRS_IFU,2057,"Shen, Yue",2,60097.41097070602,598.144,F100LP;G140M,NRS2
jw08258007001_xx106_00006_nirspec,J0817+3241,SREGION=POLYGON ICRS 124.41223017779 32.68536304804 124.41123317743 32.68506963601 124.4108842019 32.6858782272 124.41188098899 32.68617175346|TARGETCATEGORY=Galaxy|TARGETKEYWORDS=Starburst galaxies|TOO=N,124.41155715852175,32.68562066260534,NIRSPEC/IFU,,8258,"Marques-Chaves, Rui",-1,,1021.222,F100LP;G140M,
jw02155-o006_t006_miri_ch1-long,J1037+0144,SREGION=POLYGON ICRS  159.327393019 1.741094637 159.327393019 1.742611303 159.329054898 1.742611303 159.329054898 1.741094637|TARGCAT=Galaxy|TARGDESC=Quasars|TARGET_DESCRIP=Galaxy; Quasars,159.32822395720095,1.7418529700664467,MIRI/IFU,MIR_MRS,2155,"Kulkarni, Varsha Purushottam",3,60054.26397944445,4095.96,CH1-LONG,MIRIFUSHORT
jw02457003001_03101_00006_nrs1,SDSS-J083448.48+015921.1,SREGION=POLYGON ICRS  128.701369837 1.988604253 128.701369837 1.989826475 128.702703974 1.989826475 128.702703974 1.988604253|TARGCAT=Galaxy|TARGDESC=Quasars|TARGET_DESCRIP=Galaxy; Quasars|TARGNAME=SDSS J083448.48+015921.1,128.70203690538904,1.989215364054459,NIRSPEC/IFU,NRS_IFU,2457,"Vayner, Andrey",1,59897.007630625,729.444,F170LP;G235H,NRS1
jw01335-c1005_t008_miri_ch1-short,SDSSJ1652-MIRI,SREGION=POLYGON ICRS  253.010233513 17.480561844 253.010233513 17.481861844 253.011823624 17.481861844 253.011823624 17.480561844|TARGCAT=Galaxy|TARGDESC=Active galactic nuclei; Emission line galaxies; Quasars|TARGET_DESCRIP=Galaxy; Active galactic nuclei; Emission line galaxies; Quasars|TARGNAME=SDSSJ1652+1728,253.0110285702487,17.481211843166435,MIRI/IFU,MIR_MRS,1335,"Wylezalek, Dominika",3,60015.051665439816,11084.924,CH1-SHORT,MIRIFUSHORT
jw03158003001_08101_00003_mirifulong,XN8144,SREGION=POLYGON ICRS  34.377548603 -4.307967319 34.377548603 -4.305189541 34.380334251 -4.305189541 34.380334251 -4.307967319|TARGCAT=Galaxy|TARGDESC=Active galactic nuclei; Active galaxies; Quasars|TARGET_DESCRIP=Galaxy; Active galactic nuclei; Active galaxies; Quasars|TARGNAME=XN8144,34.37894142659542,-4.30657843044328,MIRI/IFU,MIR_MRS,3158,"Mainieri, Vincenzo",1,60302.526903032405,907.817,CH34-SHORT,MIRIFULONG
jw02457003001_03101_00006_nrs1,SDSS-J083448.48+015921.1,SREGION=POLYGON ICRS  128.701369837 1.988604253 128.701369837 1.989826475 128.702703974 1.989826475 128.702703974 1.988604253|TARGCAT=Galaxy|TARGDESC=Quasars|TARGET_DESCRIP=Galaxy; Quasars|TARGNAME=SDSS J083448.48+015921.1,128.70203690538904,1.989215364054459,NIRSPEC/IFU,NRS_IFU,2457,"Vayner, Andrey",2,59897.007630625,729.444,F170LP;G235H,NRS1
jw06350009001_04101_00003_mirifushort,J0913+5259,SREGION=POLYGON ICRS  138.252756706 52.990513361 138.252756706 52.992318917 138.255756356 52.992318917 138.255756356 52.990513361|TARGCAT=Galaxy|TARGDESC=Quasars|TARGET_DESCRIP=Galaxy; Quasars|TARGNAME=J0913+5259,138.25425653209436,52.99141614261494,MIRI/IFU,MIR_MRS,6350,"Kulkarni, Varsha Purushottam",1,60763.427182314816,557.783,CH12-SHORT,MIRIFUSHORT
jw01198011001_02101_00004_nrs2,HB89-1115+080,SREGION=POLYGON ICRS  169.570182525 7.765768859 169.571047140 7.766005637 169.570805933 7.766832055 169.569941137 7.766595400|TARGCAT=Galaxy|TARGDESC=Elliptical galaxies; Quasars|TARGET_DESCRIP=Galaxy; Elliptical galaxies; Quasars|TARGNAME=[HB89] 1115+080,169.57049416646282,7.76630049473917,NIRSPEC/IFU,NRS_IFU,1198,"Stiavelli, Massimo",1,60060.8659612037,3501.334,F100LP;G140M,NRS2
