Observation ID_1,Target name_1,Target Desc._1,RA,Dec,Instrument_1,Obs. Mode_1,Proposal_1,Proc. Level_1,Start Time_1,Duration (s)_1,Public,Filter_1,Detector_1,SDSS_NAME,RA_1,DEC_1,PLATE,MJD,FIBERID,AUTOCLASS_PQN,AUTOCLASS_DR14Q,IS_QSO_QN,Z_QN,RANDOM_SELECT,Z_10K,Z_CONF_10K,PIPE_CORR_10K,IS_QSO_10K,THING_ID,Z_VI,Z_CONF,CLASS_PERSON,Z_DR12Q,IS_QSO_DR12Q,Z_DR7Q_SCH,IS_QSO_DR7Q,Z_DR6Q_HW,Z_DR7Q_HW,IS_QSO_FINAL,Z,SOURCE_Z,Z_PIPE,ZWARNING,OBJID,Z_PCA,ZWARN_PCA,DELTACHI2_PCA,Z_HALPHA,ZWARN_HALPHA,DELTACHI2_HALPHA,Z_HBETA,ZWARN_HBETA,DELTACHI2_HBETA,Z_MGII,ZWARN_MGII,DELTACHI2_MGII,Z_CIII,ZWARN_CIII,DELTACHI2_CIII,Z_CIV,ZWARN_CIV,DELTACHI2_CIV,Z_LYA,ZWARN_LYA,DELTACHI2_LYA,Z_LYAWG,Z_DLA,NHI_DLA,CONF_DLA,BAL_PROB,BI_CIV,ERR_BI_CIV,AI_CIV,ERR_AI_CIV,BI_SIIV,ERR_BI_SIIV,AI_SIIV,ERR_AI_SIIV,BOSS_TARGET1,EBOSS_TARGET0,EBOSS_TARGET1,EBOSS_TARGET2,ANCILLARY_TARGET1,ANCILLARY_TARGET2,NSPEC_SDSS,NSPEC_BOSS,NSPEC,PLATE_DUPLICATE,MJD_DUPLICATE,FIBERID_DUPLICATE,SPECTRO_DUPLICATE,SKYVERSION,RUN_NUMBER,RERUN_NUMBER,CAMCOL_NUMBER,FIELD_NUMBER,ID_NUMBER,LAMBDA_EFF,ZOFFSET,XFOCAL,YFOCAL,CHUNK,TILE,PLATESN2,PSFFLUX,PSFFLUX_IVAR,PSFMAG,PSFMAGERR,EXTINCTION,M_I,SN_MEDIAN_ALL,GALEX_MATCHED,FUV,FUV_IVAR,NUV,NUV_IVAR,UKIDSS_MATCHED,YFLUX,YFLUX_ERR,JFLUX,JFLUX_ERR,HFLUX,HFLUX_ERR,KFLUX,KFLUX_ERR,W1_FLUX,W1_FLUX_IVAR,W1_MAG,W1_MAG_ERR,W1_CHI2,W1_FLUX_SNR,W1_SRC_FRAC,W1_EXT_FLUX,W1_EXT_FRAC,W1_NPIX,W2_FLUX,W2_FLUX_IVAR,W2_MAG,W2_MAG_ERR,W2_CHI2,W2_FLUX_SNR,W2_SRC_FRAC,W2_EXT_FLUX,W2_EXT_FRAC,W2_NPIX,FIRST_MATCHED,FIRST_FLUX,FIRST_SNR,SDSS2FIRST_SEP,JMAG,JMAG_ERR,JSNR,JRDFLAG,HMAG,HMAG_ERR,HSNR,HRDFLAG,KMAG,KMAG_ERR,KSNR,KRDFLAG,SDSS2MASS_SEP,2RXS_ID,2RXS_RA,2RXS_DEC,2RXS_SRC_FLUX,2RXS_SRC_FLUX_ERR,SDSS2ROSAT_SEP,XMM_SRC_ID,XMM_RA,XMM_DEC,XMM_SOFT_FLUX,XMM_SOFT_FLUX_ERR,XMM_HARD_FLUX,XMM_HARD_FLUX_ERR,XMM_TOTAL_FLUX,XMM_TOTAL_FLUX_ERR,XMM_TOTAL_LUM,SDSS2XMM_SEP,GAIA_MATCHED,GAIA_DESIGNATION,GAIA_RA,GAIA_DEC,GAIA_PARALLAX,GAIA_PARALLAX_ERR,GAIA_PM_RA,GAIA_PM_RA_ERR,GAIA_PM_DEC,GAIA_PM_DEC_ERR,GAIA_G_MAG,GAIA_G_FLUX_SNR,GAIA_BP_MAG,GAIA_BP_FLUX_SNR,GAIA_RP_MAG,GAIA_RP_FLUX_SNR,SDSS2GAIA_SEP,Observation ID_2,Target name_2,Target Desc._2,RA_2,Dec_2,Instrument_2,Obs. Mode_2,Proposal_2,Proc. Level_2,Start Time_2,Duration (s)_2,Filter_2,Detector_2,Separation_2,Separation
jw01335-c1005_t008_miri_ch1-short,SDSSJ1652-MIRI,SREGION=POLYGON ICRS  253.010233513 17.480561844 253.010233513 17.481861844 253.011823624 17.481861844 253.011823624 17.480561844|TARGCAT=Galaxy|TARGDESC=Active galactic nuclei; Emission line galaxies; Quasars|TARGET_DESCRIP=Galaxy; Active galactic nuclei; Emission line galaxies; Quasars|TARGNAME=SDSSJ1652+1728,253.0110285702487,17.481211843166435,MIRI/IFU,MIR_MRS,1335,3,60015.051665439816,11084.924,True,CH1-SHORT,MIRIFUSHORT,165202.64+172852.3,253.01102389634224,17.481218227679705,4176,55682,370,QSO,QSO,1,2.9612874711539208,0,-1.0,-1,-1,-1,266550993,2.942,3,3,2.942455530166626,1,-1.0,-1,-1.0,-1.0,1,2.942,VI,2.942158460617065,0,1.237662225168467e+18,2.9388673356979105,0,57698.38621746293,-1.0,7682,0.0,-1.0,7682,0.0,-1.0,7682,0.0,2.94266046155311,0,997.2955199658506,2.93849221690676,0,13026.218973881276,3.0162846463899227,0,45661.62781730931,2.943526,"(2.1216507907547895, -1.0, -1.0, -1.0, -1.0)","(20.36214606344872, -1.0, -1.0, -1.0, -1.0)","(1.0, -1.0, -1.0, -1.0, -1.0)",1.0,1951.140625,12.80804443359375,3023.58251953125,19.21991539001465,245.9330902099609,5.723255634307861,1075.950439453125,14.928730964660645,2199023534080,0,0,0,0,0,0,0,0,"(-1, -1, -1, -1, -1, -1, -1, -1, -1, -1, -1, -1, -1, -1, -1, -1, -1, -1, -1, -1, -1, -1, -1, -1, -1, -1, -1, -1, -1, -1, -1, -1, -1, -1, -1, -1, -1, -1, -1, -1, -1, -1, -1, -1, -1, -1, -1, -1, -1, -1, -1, -1, -1, -1, -1, -1, -1, -1, -1, -1, -1, -1, -1, -1, -1, -1, -1, -1, -1, -1, -1, -1, -1, -1)","(-1, -1, -1, -1, -1, -1, -1, -1, -1, -1, -1, -1, -1, -1, -1, -1, -1, -1, -1, -1, -1, -1, -1, -1, -1, -1, -1, -1, -1, -1, -1, -1, -1, -1, -1, -1, -1, -1, -1, -1, -1, -1, -1, -1, -1, -1, -1, -1, -1, -1, -1, -1, -1, -1, -1, -1, -1, -1, -1, -1, -1, -1, -1, -1, -1, -1, -1, -1, -1, -1, -1, -1, -1, -1)","(-1, -1, -1, -1, -1, -1, -1, -1, -1, -1, -1, -1, -1, -1, -1, -1, -1, -1, -1, -1, -1, -1, -1, -1, -1, -1, -1, -1, -1, -1, -1, -1, -1, -1, -1, -1, -1, -1, -1, -1, -1, -1, -1, -1, -1, -1, -1, -1, -1, -1, -1, -1, -1, -1, -1, -1, -1, -1, -1, -1, -1, -1, -1, -1, -1, -1, -1, -1, -1, -1, -1, -1, -1, -1)","(-1, -1, -1, -1, -1, -1, -1, -1, -1, -1, -1, -1, -1, -1, -1, -1, -1, -1, -1, -1, -1, -1, -1, -1, -1, -1, -1, -1, -1, -1, -1, -1, -1, -1, -1, -1, -1, -1, -1, -1, -1, -1, -1, -1, -1, -1, -1, -1, -1, -1, -1, -1, -1, -1, -1, -1, -1, -1, -1, -1, -1, -1, -1, -1, -1, -1, -1, -1, -1, -1, -1, -1, -1, -1)",2,3900,301,4,790,968,4000.0,175.0,-72.31212615966797,-232.75213623046875,boss10,10419,11.121899604797363,"(1.5636636, 7.4575133, 6.9827375, 6.963336, 7.5219626)","(24.583253860473633, 28.457717895507812, 15.734225273132324, 8.374222755432129, 1.469744086265564)","(22.00604, 20.318357, 20.389616, 20.392231, 20.298813)","(0.1378503292798996, 0.02728373184800148, 0.03917594999074936, 0.053809020668268204, 0.11682194471359253)","(0.28359836, 0.22097793, 0.1528715, 0.11359992, 0.08449747)",-26.430977040496565,5.172756195068359,1,-0.0268675945699214,3.5148441961717456,0.1000004634261131,15.260201296627429,0,-1.0,-1.0,-1.0,-1.0,-1.0,-1.0,-1.0,-1.0,797.38275,0.005581831,15.245832,0.018225066,1.1549339,59.57378,0.9377454,7.311061,0.0091688195,171,2271.681,0.00041071587,14.109132,0.023583392,2.2997108,46.038174,0.9468613,13.661221,0.006013705,165,1,1.6399999856948853,9.311915397644045,0.1000372458191505,-1.0,-1.0,-1.0,-1,-1.0,-1.0,-1.0,-1,-1.0,-1.0,-1.0,-1,-1.0,-1,-1.0,-1.0,-1.0,-1.0,-1.0,-1,-1.0,-1.0,-1.0,-1.0,-1.0,-1.0,-1.0,-1.0,-1.0,-1.0,1,Gaia DR2 4559364490607987712,253.01103185645337,17.481216583579833,-0.2009942531585693,2.429501533508301,-1.4399012327194214,1.060684323310852,-0.7288035154342651,0.960508406162262,20.439208984375,171.81028747558594,20.26516914367676,14.960631370544434,19.74247169494629,17.85955047607422,0.0279664105110989,jw01335-c1005_t008_miri_ch1-short,SDSSJ1652-MIRI,SREGION=POLYGON ICRS  253.010233513 17.480561844 253.010233513 17.481861844 253.011823624 17.481861844 253.011823624 17.480561844|TARGCAT=Galaxy|TARGDESC=Active galactic nuclei; Emission line galaxies; Quasars|TARGET_DESCRIP=Galaxy; Active galactic nuclei; Emission line galaxies; Quasars|TARGNAME=SDSSJ1652+1728,253.0110285702487,17.481211843166435,MIRI/IFU,MIR_MRS,1335,3,60015.051665439816,11084.924,CH1-SHORT,MIRIFUSHORT,0.028032922725532,0.0
jw02155-o003_t003_miri_ch1-long,J0901+2044,SREGION=POLYGON ICRS  135.343597183 20.745490974 135.343597183 20.747007640 135.345373480 20.747007640 135.345373480 20.745490974|TARGCAT=Galaxy|TARGDESC=Quasars|TARGET_DESCRIP=Galaxy; Quasars,135.34448533073737,20.74624930776339,MIRI/IFU,MIR_MRS,2155,3,60051.177176212965,333.004,True,CH1-LONG,MIRIFUSHORT,090122.67+204446.5,135.34449680389787,20.74625839625243,5773,56009,194,QSO,QSO,1,2.0989330564131143,0,-1.0,-1,-1,-1,293446415,2.103,3,30,2.103,1,2.0992,1,2.103302,2.103717088699341,1,2.103,VI,2.0953071117401123,0,1.2376672545327677e+18,2.096324131020101,0,53469.61377789549,-1.0,7682,0.0,-1.0,7682,0.0,2.103374868735733,0,989.80306491024,2.0963791720496934,0,1740.4053553340846,2.0868011855232536,0,4110.496259331683,2.113519839698881,0,11400.569575432706,2.099915,"(-1.0, -1.0, -1.0, -1.0, -1.0)","(-1.0, -1.0, -1.0, -1.0, -1.0)","(-1.0, -1.0, -1.0, -1.0, -1.0)",0.9,0.0,0.0,203.1131591796875,4.433760643005371,0.0,0.0,35.540138244628906,2.5545027256011963,0,0,0,0,8388608,128,1,1,2,"(2282, 9564, -1, -1, -1, -1, -1, -1, -1, -1, -1, -1, -1, -1, -1, -1, -1, -1, -1, -1, -1, -1, -1, -1, -1, -1, -1, -1, -1, -1, -1, -1, -1, -1, -1, -1, -1, -1, -1, -1, -1, -1, -1, -1, -1, -1, -1, -1, -1, -1, -1, -1, -1, -1, -1, -1, -1, -1, -1, -1, -1, -1, -1, -1, -1, -1, -1, -1, -1, -1, -1, -1, -1, -1)","(53683, 57817, -1, -1, -1, -1, -1, -1, -1, -1, -1, -1, -1, -1, -1, -1, -1, -1, -1, -1, -1, -1, -1, -1, -1, -1, -1, -1, -1, -1, -1, -1, -1, -1, -1, -1, -1, -1, -1, -1, -1, -1, -1, -1, -1, -1, -1, -1, -1, -1, -1, -1, -1, -1, -1, -1, -1, -1, -1, -1, -1, -1, -1, -1, -1, -1, -1, -1, -1, -1, -1, -1, -1, -1)","(9, 962, -1, -1, -1, -1, -1, -1, -1, -1, -1, -1, -1, -1, -1, -1, -1, -1, -1, -1, -1, -1, -1, -1, -1, -1, -1, -1, -1, -1, -1, -1, -1, -1, -1, -1, -1, -1, -1, -1, -1, -1, -1, -1, -1, -1, -1, -1, -1, -1, -1, -1, -1, -1, -1, -1, -1, -1, -1, -1, -1, -1, -1, -1, -1, -1, -1, -1, -1, -1, -1, -1, -1, -1)","(1, 2, -1, -1, -1, -1, -1, -1, -1, -1, -1, -1, -1, -1, -1, -1, -1, -1, -1, -1, -1, -1, -1, -1, -1, -1, -1, -1, -1, -1, -1, -1, -1, -1, -1, -1, -1, -1, -1, -1, -1, -1, -1, -1, -1, -1, -1, -1, -1, -1, -1, -1, -1, -1, -1, -1, -1, -1, -1, -1, -1, -1, -1, -1, -1, -1, -1, -1, -1, -1, -1, -1, -1, -1)",2,5071,301,4,143,57,5400.0,0.0,62.64405822753906,-172.891845703125,boss30,14592,13.463500022888184,"(26.373634, 43.156765, 78.66116, 99.092415, 135.745)","(2.178628921508789, 1.3502906560897827, 0.7052916884422302, 0.18055103719234467, 0.10452905297279358)","(18.947044, 18.412373, 17.760597, 17.509895, 17.168158)","(0.02788933925330639, 0.021650006994605064, 0.016435297206044197, 0.02578582614660263, 0.024737520143389702)","(0.11722476, 0.09134074, 0.063189104, 0.046956275, 0.034926843)",-28.442799847525357,26.27153587341309,1,-0.0329045876860618,166.59295519379504,0.6638818979263306,427.15765698610977,0,-1.0,-1.0,-1.0,-1.0,-1.0,-1.0,-1.0,-1.0,2622.9497,0.004194401,13.953025,0.0063914494,36.333965,169.87323,0.9465347,-3.0263102,-0.0011537817,233,6936.048,0.0003053679,12.89722,0.008957783,2.6434848,121.205894,0.95485294,-15.908726,-0.0022936303,221,0,-1.0,-1.0,-1.0,16.194000244140625,0.0829999968409538,13.300000190734863,2,15.614999771118164,0.0869999974966049,12.0,2,14.857000350952148,0.0920000001788139,13.600000381469728,2,0.0896792426491528,-1,-1.0,-1.0,-1.0,-1.0,-1.0,204022507010010,135.34450897504,20.746230535661,7.05733e-14,3.8493306e-15,2.344894e-13,5.4698684e-14,3.05062e-13,7.76424e-14,inf,0.1083451237735143,1,Gaia DR2 684778766653354752,135.34449797441673,20.74626428976361,0.0544107258319854,36.04541015625,-0.5267647504806519,13.83659839630127,0.2438903898000717,29.200420379638672,17.912355422973633,342.6345520019531,18.314865112304688,67.3743896484375,17.19122886657715,114.52649688720705,0.0215794906592733,jw02155-o003_t003_miri_ch1-long,J0901+2044,SREGION=POLYGON ICRS  135.343597183 20.745490974 135.343597183 20.747007640 135.345373480 20.747007640 135.345373480 20.745490974|TARGCAT=Galaxy|TARGDESC=Quasars|TARGET_DESCRIP=Galaxy; Quasars,135.34448533073737,20.74624930776339,MIRI/IFU,MIR_MRS,2155,3,60051.177176212965,333.004,CH1-LONG,MIRIFUSHORT,0.0506202552162269,0.0
jw02155-o007_t007_miri_ch1-long,J1138+5245,SREGION=POLYGON ICRS  174.652424078 52.752354682 174.652424078 52.754015793 174.655287964 52.754015793 174.655287964 52.752354682|TARGCAT=Galaxy|TARGDESC=Quasars|TARGET_DESCRIP=Galaxy; Quasars,174.65385602113923,52.7531852408492,MIRI/IFU,MIR_MRS,2155,3,59983.0561942162,1587.324,True,CH1-LONG,MIRIFUSHORT,113836.93+524511.3,174.653886,52.753166,880,52367,435,UNK,UNK,-1,-1.0,0,-1.0,-1,-1,-1,498400991,-1.0,-1,0,-1.0,-1,1.6336,1,1.624369,1.6247559785842896,1,1.624369,DR6Q_HW,-1.0,-1,1.2376578576822436e+18,1.6214019588962976,0,2350.26097876761,-1.0,7682,0.0,-1.0,7682,0.0,1.629015962204107,0,50.21350848425817,1.6276495338868608,0,125.4890511863108,1.624075852638025,0,236.2117444079421,-1.0,7682,0.0,1.6214018,"(-1.0, -1.0, -1.0, -1.0, -1.0)","(-1.0, -1.0, -1.0, -1.0, -1.0)","(-1.0, -1.0, -1.0, -1.0, -1.0)",0.9,0.0,0.0,485.42425537109375,9.399454116821287,0.0,0.0,0.0,0.0,-1,-1,-1,-1,-1,-1,0,0,0,"(-1, -1, -1, -1, -1, -1, -1, -1, -1, -1, -1, -1, -1, -1, -1, -1, -1, -1, -1, -1, -1, -1, -1, -1, -1, -1, -1, -1, -1, -1, -1, -1, -1, -1, -1, -1, -1, -1, -1, -1, -1, -1, -1, -1, -1, -1, -1, -1, -1, -1, -1, -1, -1, -1, -1, -1, -1, -1, -1, -1, -1, -1, -1, -1, -1, -1, -1, -1, -1, -1, -1, -1, -1, -1)","(-1, -1, -1, -1, -1, -1, -1, -1, -1, -1, -1, -1, -1, -1, -1, -1, -1, -1, -1, -1, -1, -1, -1, -1, -1, -1, -1, -1, -1, -1, -1, -1, -1, -1, -1, -1, -1, -1, -1, -1, -1, -1, -1, -1, -1, -1, -1, -1, -1, -1, -1, -1, -1, -1, -1, -1, -1, -1, -1, -1, -1, -1, -1, -1, -1, -1, -1, -1, -1, -1, -1, -1, -1, -1)","(-1, -1, -1, -1, -1, -1, -1, -1, -1, -1, -1, -1, -1, -1, -1, -1, -1, -1, -1, -1, -1, -1, -1, -1, -1, -1, -1, -1, -1, -1, -1, -1, -1, -1, -1, -1, -1, -1, -1, -1, -1, -1, -1, -1, -1, -1, -1, -1, -1, -1, -1, -1, -1, -1, -1, -1, -1, -1, -1, -1, -1, -1, -1, -1, -1, -1, -1, -1, -1, -1, -1, -1, -1, -1)","(-1, -1, -1, -1, -1, -1, -1, -1, -1, -1, -1, -1, -1, -1, -1, -1, -1, -1, -1, -1, -1, -1, -1, -1, -1, -1, -1, -1, -1, -1, -1, -1, -1, -1, -1, -1, -1, -1, -1, -1, -1, -1, -1, -1, -1, -1, -1, -1, -1, -1, -1, -1, -1, -1, -1, -1, -1, -1, -1, -1, -1, -1, -1, -1, -1, -1, -1, -1, -1, -1, -1, -1, -1, -1)",2,2883,301,5,159,123,5000.0,0.0,-40.23594284057617,144.64817810058594,chunk34,652,16.880300521850586,"(8.687644, 14.18433, 28.507582, 40.28345, 44.049477)","(6.670342922210693, 10.537593841552734, 3.3780486583709717, 0.7088028192520142, 0.6706820130348206)","(20.152464, 19.620434, 18.86258, 18.487162, 18.389841)","(0.0483640618622303, 0.023578153923153877, 0.020721232518553734, 0.03201235085725784, 0.030080167576670647)","(0.061203368, 0.045032855, 0.032661583, 0.024766289, 0.017559608)",-26.723700109981504,6.910788536071777,1,0.2725910246372223,9.405141564422037,0.924251675605774,8.770011984317735,0,-1.0,-1.0,-1.0,-1.0,-1.0,-1.0,-1.0,-1.0,974.3157,0.006792996,15.028251,0.013520536,2.7605639,80.30274,0.9392199,1.9374619,0.0019885364,180,2900.216,0.0004955465,13.8439245,0.016817126,3.1475358,64.56135,0.9485418,2.00943,0.00069285464,175,1,16.969999313354492,114.0954132080078,0.0813125417334057,-1.0,-1.0,-1.0,-1,-1.0,-1.0,-1.0,-1,-1.0,-1.0,-1.0,-1,-1.0,-1,-1.0,-1.0,-1.0,-1.0,-1.0,-1,-1.0,-1.0,-1.0,-1.0,-1.0,-1.0,-1.0,-1.0,-1.0,-1.0,1,Gaia DR2 840154736207882368,174.6538831033594,52.75314838722861,0.2275446206331253,10.538714408874512,-0.1002962663769722,6.964904308319092,-0.4550172984600067,7.130600452423096,19.2905387878418,331.03472900390625,19.823535919189453,32.41228485107422,18.57945442199707,60.69322204589844,0.063719328651731,jw02155-o007_t007_miri_ch1-long,J1138+5245,SREGION=POLYGON ICRS  174.652424078 52.752354682 174.652424078 52.754015793 174.655287964 52.754015793 174.655287964 52.752354682|TARGCAT=Galaxy|TARGDESC=Quasars|TARGET_DESCRIP=Galaxy; Quasars,174.65385602113923,52.7531852408492,MIRI/IFU,MIR_MRS,2155,3,59983.0561942162,1587.324,CH1-LONG,MIRIFUSHORT,0.0952089728610167,0.0
jw02177-o001_t001_miri_ch1-long,CID346,SREGION=POLYGON ICRS  149.930052028 2.117947439 149.930052028 2.119536328 149.931714277 2.119536328 149.931714277 2.117947439|TARGCAT=Galaxy|TARGDESC=Active galactic nuclei; Active galaxies; Quasars|TARGET_DESCRIP=Galaxy; Active galactic nuclei; Active galaxies; Quasars|TARGNAME=CID346,149.93088315268497,2.1187418835908147,MIRI/IFU,MIR_MRS,2177,3,60268.03859829028,11084.924,True,CH1-LONG,MIRIFUSHORT,095943.41+020707.4,149.93087674204702,2.118725266969995,4737,55630,230,QSO,QSO,1,2.1933280421634143,0,-1.0,-1,-1,-1,130919459,2.21,3,30,2.21,1,-1.0,-1,-1.0,-1.0,1,2.21,VI,2.194317579269409,0,1.237651753997173e+18,2.192709338400257,0,18497.156531097527,-1.0,7682,0.0,-1.0,7682,0.0,2.2151658655983884,0,36.34290643147921,2.2051977530915,0,111.26759045231478,2.174346857455306,0,9472.06524233366,2.253513751684225,0,8623.8869319166,2.1882448,"(-1.0, -1.0, -1.0, -1.0, -1.0)","(-1.0, -1.0, -1.0, -1.0, -1.0)","(-1.0, -1.0, -1.0, -1.0, -1.0)",1.0,3260.8759765625,7.478099346160889,5382.361328125,10.26504135131836,901.6500244140624,6.694422245025635,1619.1739501953125,9.474875450134276,2199023779840,0,0,0,144115188075855872,0,0,0,0,"(-1, -1, -1, -1, -1, -1, -1, -1, -1, -1, -1, -1, -1, -1, -1, -1, -1, -1, -1, -1, -1, -1, -1, -1, -1, -1, -1, -1, -1, -1, -1, -1, -1, -1, -1, -1, -1, -1, -1, -1, -1, -1, -1, -1, -1, -1, -1, -1, -1, -1, -1, -1, -1, -1, -1, -1, -1, -1, -1, -1, -1, -1, -1, -1, -1, -1, -1, -1, -1, -1, -1, -1, -1, -1)","(-1, -1, -1, -1, -1, -1, -1, -1, -1, -1, -1, -1, -1, -1, -1, -1, -1, -1, -1, -1, -1, -1, -1, -1, -1, -1, -1, -1, -1, -1, -1, -1, -1, -1, -1, -1, -1, -1, -1, -1, -1, -1, -1, -1, -1, -1, -1, -1, -1, -1, -1, -1, -1, -1, -1, -1, -1, -1, -1, -1, -1, -1, -1, -1, -1, -1, -1, -1, -1, -1, -1, -1, -1, -1)","(-1, -1, -1, -1, -1, -1, -1, -1, -1, -1, -1, -1, -1, -1, -1, -1, -1, -1, -1, -1, -1, -1, -1, -1, -1, -1, -1, -1, -1, -1, -1, -1, -1, -1, -1, -1, -1, -1, -1, -1, -1, -1, -1, -1, -1, -1, -1, -1, -1, -1, -1, -1, -1, -1, -1, -1, -1, -1, -1, -1, -1, -1, -1, -1, -1, -1, -1, -1, -1, -1, -1, -1, -1, -1)","(-1, -1, -1, -1, -1, -1, -1, -1, -1, -1, -1, -1, -1, -1, -1, -1, -1, -1, -1, -1, -1, -1, -1, -1, -1, -1, -1, -1, -1, -1, -1, -1, -1, -1, -1, -1, -1, -1, -1, -1, -1, -1, -1, -1, -1, -1, -1, -1, -1, -1, -1, -1, -1, -1, -1, -1, -1, -1, -1, -1, -1, -1, -1, -1, -1, -1, -1, -1, -1, -1, -1, -1, -1, -1)",2,1462,301,4,164,164,4000.0,0.0,26.935834884643555,-90.90523529052734,boss16,12837,10.529600143432615,"(8.170599, 14.8767, 20.169924, 19.619793, 19.905838)","(7.157973289489746, 15.15286922454834, 9.373553276062012, 6.9251275062561035, 0.5883457064628601)","(20.219048, 19.568693, 19.238201, 19.268173, 19.25105)","(0.049638714641332626, 0.01874728873372078, 0.01758074201643467, 0.021025333553552628, 0.07091375440359116)","(0.085706785, 0.06678215, 0.04619958, 0.03433124, 0.025536133)",-26.804740762827755,7.682016849517822,1,0.0039928159676492,2776.839813268223,0.0855485945940017,38.10974184344161,1,6.5341188852039385e-31,2.847989770287352e-32,5.351633634378441e-31,4.5395493571340526e-32,6.5910974473769964e-31,4.953480297119333e-32,8.958647453831437e-31,6.410617216926886e-32,334.40506,0.0036666808,16.189318,0.05361853,0.5582126,20.249271,0.8835255,-0.72688884,-0.0021736766,63,910.97766,0.00025240885,15.101231,0.07501779,0.6302464,14.473048,0.895269,-2.7529268,-0.0030219478,62,0,-1.0,-1.0,-1.0,-1.0,-1.0,-1.0,-1,-1.0,-1.0,-1.0,-1,-1.0,-1.0,-1.0,-1,-1.0,-1,-1.0,-1.0,-1.0,-1.0,-1.0,-1,-1.0,-1.0,-1.0,-1.0,-1.0,-1.0,-1.0,-1.0,-1.0,-1.0,1,Gaia DR2 3836238159990429824,149.93089059421018,2.1187110583492377,0.3234515786170959,2.325270414352417,0.5271855592727661,1.214625358581543,0.5940738916397095,1.5070812702178955,19.691654205322266,141.45957946777344,19.891847610473636,11.83218765258789,19.170490264892575,17.52102279663086,0.0714130634747159,jw02177-o001_t001_miri_ch1-long,CID346,SREGION=POLYGON ICRS  149.930052028 2.117947439 149.930052028 2.119536328 149.931714277 2.119536328 149.931714277 2.117947439|TARGCAT=Galaxy|TARGDESC=Active galactic nuclei; Active galaxies; Quasars|TARGET_DESCRIP=Galaxy; Active galactic nuclei; Active galaxies; Quasars|TARGNAME=CID346,149.93088315268497,2.1187418835908147,MIRI/IFU,MIR_MRS,2177,3,60268.03859829028,11084.924,CH1-LONG,MIRIFUSHORT,0.0641115625534315,0.0
jw02046-o017_t016_miri_f560w-brightsky,H1413+117,SREGION=POLYGON ICRS  213.928754716 11.491810038 213.945783134 11.481748581 213.956489163 11.499147208 213.939460076 11.509209286|TARGCAT=Galaxy|TARGDESC=Active galactic nuclei; Quasars|TARGET_DESCRIP=Galaxy; Active galactic nuclei; Quasars,213.9426217590116,11.495478950587652,MIRI/IMAGE,MIR_IMAGE,2046,3,60132.75779105324,59.703,True,F560W,MIRIMAGE,141546.24+112943.4,213.942672,11.495401,1705,53848,590,UNK,UNK,-1,-1.0,0,-1.0,-1,-1,-1,214748344,-1.0,-1,0,-1.0,-1,2.5603,1,2.551094,2.551008939743042,1,2.551094,DR6Q_HW,-1.0,-1,1.237662199888216e+18,2.488116279825776,0,268994.2039810631,-1.0,7682,0.0,-1.0,7682,0.0,-1.0,7682,0.0,2.5461038271502843,0,13925.599977405098,2.5749292869630453,0,123421.665428002,2.6193581910298414,0,72430.60777183306,2.5501745,"(-1.0, -1.0, -1.0, -1.0, -1.0)","(-1.0, -1.0, -1.0, -1.0, -1.0)","(-1.0, -1.0, -1.0, -1.0, -1.0)",0.9,514.0672607421875,21.173553466796875,1481.0037841796875,52.43732833862305,16.052995681762695,2.291766166687012,1741.972900390625,10.74605941772461,-1,-1,-1,-1,-1,-1,0,0,0,"(-1, -1, -1, -1, -1, -1, -1, -1, -1, -1, -1, -1, -1, -1, -1, -1, -1, -1, -1, -1, -1, -1, -1, -1, -1, -1, -1, -1, -1, -1, -1, -1, -1, -1, -1, -1, -1, -1, -1, -1, -1, -1, -1, -1, -1, -1, -1, -1, -1, -1, -1, -1, -1, -1, -1, -1, -1, -1, -1, -1, -1, -1, -1, -1, -1, -1, -1, -1, -1, -1, -1, -1, -1, -1)","(-1, -1, -1, -1, -1, -1, -1, -1, -1, -1, -1, -1, -1, -1, -1, -1, -1, -1, -1, -1, -1, -1, -1, -1, -1, -1, -1, -1, -1, -1, -1, -1, -1, -1, -1, -1, -1, -1, -1, -1, -1, -1, -1, -1, -1, -1, -1, -1, -1, -1, -1, -1, -1, -1, -1, -1, -1, -1, -1, -1, -1, -1, -1, -1, -1, -1, -1, -1, -1, -1, -1, -1, -1, -1)","(-1, -1, -1, -1, -1, -1, -1, -1, -1, -1, -1, -1, -1, -1, -1, -1, -1, -1, -1, -1, -1, -1, -1, -1, -1, -1, -1, -1, -1, -1, -1, -1, -1, -1, -1, -1, -1, -1, -1, -1, -1, -1, -1, -1, -1, -1, -1, -1, -1, -1, -1, -1, -1, -1, -1, -1, -1, -1, -1, -1, -1, -1, -1, -1, -1, -1, -1, -1, -1, -1, -1, -1, -1, -1)","(-1, -1, -1, -1, -1, -1, -1, -1, -1, -1, -1, -1, -1, -1, -1, -1, -1, -1, -1, -1, -1, -1, -1, -1, -1, -1, -1, -1, -1, -1, -1, -1, -1, -1, -1, -1, -1, -1, -1, -1, -1, -1, -1, -1, -1, -1, -1, -1, -1, -1, -1, -1, -1, -1, -1, -1, -1, -1, -1, -1, -1, -1, -1, -1, -1, -1, -1, -1, -1, -1, -1, -1, -1, -1)",2,3894,301,5,68,17,5000.0,0.0,162.8818359375,107.14025115966795,chunk87,1220,17.120899200439453,"(41.007874, 120.96556, 172.11668, 165.89055, 213.22244)","(1.370511531829834, 0.21261005103588104, 0.3929199278354645, 0.1615438163280487, 0.06245706230401993)","(18.46782, 17.293344, 16.910442, 16.950445, 16.677904)","(0.022615468129515648, 0.01946570724248886, 0.01006349641829729, 0.016283826902508736, 0.02037465013563633)","(0.12277275, 0.09033503, 0.06551849, 0.04968069, 0.03522423)",-29.48684236192076,33.34589385986328,0,-1.0,-1.0,-1.0,-1.0,0,-1.0,-1.0,-1.0,-1.0,-1.0,-1.0,-1.0,-1.0,6614.5947,0.006400282,12.948742,0.0020517362,113.04786,529.17926,0.9567586,0.2982978,4.509746e-05,413,22712.076,0.0004954148,11.609358,0.0021477463,77.12556,505.52347,0.963589,0.23533891,1.03618495e-05,388,1,6.5,42.651100158691406,0.2912026275344734,15.11299991607666,0.0570000000298023,28.299999237060547,2,14.531000137329102,0.0529999993741512,25.5,2,14.062000274658203,0.0729999989271164,18.100000381469727,2,0.1711986007466888,-1,-1.0,-1.0,-1.0,-1.0,-1.0,201122503010006,213.942752726499,11.4953792729933,7.147368e-15,2.8126446000000004e-16,6.71698e-14,3.1505903e-15,7.57345e-14,4.4926e-15,inf,0.2953318884976899,1,Gaia DR2 1225461582386571008,213.94261368055763,11.495307795134082,0.0,0.0,0.0,0.0,0.0,0.0,17.342159271240234,85.50276947021484,16.705625534057617,84.14888000488281,15.976655960083008,72.01200866699219,0.3935908888429816,jw02046-o017_t016_miri_f560w-brightsky,H1413+117,SREGION=POLYGON ICRS  213.928754716 11.491810038 213.945783134 11.481748581 213.956489163 11.499147208 213.939460076 11.509209286|TARGCAT=Galaxy|TARGDESC=Active galactic nuclei; Quasars|TARGET_DESCRIP=Galaxy; Active galactic nuclei; Quasars,213.9426217590116,11.495478950587652,MIRI/IMAGE,MIR_IMAGE,2046,3,60132.75779105324,59.703,F560W,MIRIMAGE,0.3319075129917077,0.0
jw05893011002_03101_00001_nrca4,C3D-11_CWEBTILE-4-11,SREGION=POLYGON ICRS  150.187465843 2.127201310 150.204013837 2.121251352 150.210057828 2.137650780 150.193485666 2.143811613|TARGCAT=Galaxy|TARGDESC=Field galaxies|TARGET_DESCRIP=Galaxy; Field galaxies|TARGNAME=C3D-11,150.1987435986983,2.1324916415424298,NIRCAM/IMAGE,NRC_IMAGE,5893,2,60786.178601782405,311.366,True,F115W,NRCA4,100047.75+020756.9,150.19897240949678,2.132498781685535,4737,55630,187,QSO,QSO,1,2.154742085731105,0,-1.0,-1,-1,-1,130989100,2.153,3,30,2.153,1,-1.0,-1,-1.0,-1.0,1,2.153,VI,2.1586039066314697,0,1.2376517539973038e+18,2.1569643436093084,0,9592.01974158864,-1.0,7682,0.0,-1.0,7682,0.0,2.153707611606479,0,62.94224676326246,2.137287104311727,0,65.81933784879186,2.1567546379192657,0,1317.0554945184524,2.1575963881234648,0,2324.4853679754347,2.1600058,"(-1.0, -1.0, -1.0, -1.0, -1.0)","(-1.0, -1.0, -1.0, -1.0, -1.0)","(-1.0, -1.0, -1.0, -1.0, -1.0)",0.9,0.0,0.0,670.8343505859375,12.91537857055664,0.0,0.0,139.6191864013672,4.821364879608154,2199023796224,0,0,0,144115188075855872,0,0,0,0,"(-1, -1, -1, -1, -1, -1, -1, -1, -1, -1, -1, -1, -1, -1, -1, -1, -1, -1, -1, -1, -1, -1, -1, -1, -1, -1, -1, -1, -1, -1, -1, -1, -1, -1, -1, -1, -1, -1, -1, -1, -1, -1, -1, -1, -1, -1, -1, -1, -1, -1, -1, -1, -1, -1, -1, -1, -1, -1, -1, -1, -1, -1, -1, -1, -1, -1, -1, -1, -1, -1, -1, -1, -1, -1)","(-1, -1, -1, -1, -1, -1, -1, -1, -1, -1, -1, -1, -1, -1, -1, -1, -1, -1, -1, -1, -1, -1, -1, -1, -1, -1, -1, -1, -1, -1, -1, -1, -1, -1, -1, -1, -1, -1, -1, -1, -1, -1, -1, -1, -1, -1, -1, -1, -1, -1, -1, -1, -1, -1, -1, -1, -1, -1, -1, -1, -1, -1, -1, -1, -1, -1, -1, -1, -1, -1, -1, -1, -1, -1)","(-1, -1, -1, -1, -1, -1, -1, -1, -1, -1, -1, -1, -1, -1, -1, -1, -1, -1, -1, -1, -1, -1, -1, -1, -1, -1, -1, -1, -1, -1, -1, -1, -1, -1, -1, -1, -1, -1, -1, -1, -1, -1, -1, -1, -1, -1, -1, -1, -1, -1, -1, -1, -1, -1, -1, -1, -1, -1, -1, -1, -1, -1, -1, -1, -1, -1, -1, -1, -1, -1, -1, -1, -1, -1)","(-1, -1, -1, -1, -1, -1, -1, -1, -1, -1, -1, -1, -1, -1, -1, -1, -1, -1, -1, -1, -1, -1, -1, -1, -1, -1, -1, -1, -1, -1, -1, -1, -1, -1, -1, -1, -1, -1, -1, -1, -1, -1, -1, -1, -1, -1, -1, -1, -1, -1, -1, -1, -1, -1, -1, -1, -1, -1, -1, -1, -1, -1, -1, -1, -1, -1, -1, -1, -1, -1, -1, -1, -1, -1)",2,1462,301,4,166,118,4000.0,0.0,85.24420166015625,-87.92562103271484,boss16,12837,10.529600143432615,"(12.272238, 17.520914, 19.183224, 20.328815, 27.691528)","(5.471723556518555, 6.430463790893555, 8.545416831970215, 6.717176914215088, 0.5138643383979797)","(19.77755, 19.391079, 19.292654, 19.229635, 18.893358)","(0.03781163692474365, 0.024435626342892647, 0.019359854981303215, 0.020603962242603302, 0.0546177439391613)","(0.06964232, 0.054264825, 0.037540156, 0.027896358, 0.020749766)",-26.78941489068241,5.347045421600342,1,-0.0026064591947942,64449.31487357224,0.6856076121330261,45.28797058830228,1,5.753260087246488e-31,2.890649635773044e-32,5.322896559082758e-31,4.474655016002557e-32,6.105660598284021e-31,4.893065177211645e-32,6.7523555240047205e-31,5.521701335868967e-32,271.4499,0.0036455595,16.415775,0.06624491,1.180468,16.389729,0.88028365,3.6743288,0.013535936,60,622.7609,0.00026619338,15.514196,0.10685733,0.69006664,10.160615,0.8930459,3.3971407,0.005454967,60,0,-1.0,-1.0,-1.0,-1.0,-1.0,-1.0,-1,-1.0,-1.0,-1.0,-1,-1.0,-1.0,-1.0,-1,-1.0,-1,-1.0,-1.0,-1.0,-1.0,-1.0,202033614010059,150.198818817196,2.13236132443228,3.161309e-15,1.4461079e-16,6.05629e-15,1.250228e-15,1.08367e-14,1.82013e-15,inf,0.741743543348176,1,Gaia DR2 3836070587546516352,150.19897179091842,2.1325008207096787,0.0,0.0,0.0,0.0,0.0,0.0,19.64647674560547,139.4464111328125,19.90616798400879,9.185847282409668,19.165462493896484,10.35557746887207,0.0076703901769341,jw05893011002_03101_00001_nrca4,C3D-11_CWEBTILE-4-11,SREGION=POLYGON ICRS  150.187465843 2.127201310 150.204013837 2.121251352 150.210057828 2.137650780 150.193485666 2.143811613|TARGCAT=Galaxy|TARGDESC=Field galaxies|TARGET_DESCRIP=Galaxy; Field galaxies|TARGNAME=C3D-11,150.1987435986983,2.1324916415424298,NIRCAM/IMAGE,NRC_IMAGE,5893,2,60786.178601782405,311.366,F115W,NRCA4,0.8235496491572898,0.0
jw02057004001_03101_00002_nrs2,RM052,SREGION=POLYGON ICRS  213.209317703 53.289205444 213.209299456 53.288316707 213.210738563 53.288316340 213.210757122 53.289205214|TARGCAT=Galaxy|TARGDESC=Quasars|TARGET_DESCRIP=Galaxy; Quasars,213.21002823021232,53.288760942629686,NIRSPEC/IFU,NRS_IFU,2057,1,60026.68690930556,598.144,True,F100LP;G140M,NRS2,141250.39+531719.6,213.20998314935972,53.28878429584562,7339,57428,688,QSO,QSO,1,2.3029408453465186,0,-1.0,-1,-1,-1,500260775,2.309,3,3,-1.0,0,-1.0,-1,-1.0,-1.0,1,2.309,VI,2.309027671813965,0,1.237661416602141e+18,2.3088456907415784,0,456983.95435292507,-1.0,7682,0.0,-1.0,7682,0.0,2.302854028247759,0,11887.46537534648,2.30117093853968,0,15113.62053848257,2.3087561883116745,0,97149.56713663976,2.310272753716364,0,188969.29627747787,2.3113675,"(-1.0, -1.0, -1.0, -1.0, -1.0)","(-1.0, -1.0, -1.0, -1.0, -1.0)","(-1.0, -1.0, -1.0, -1.0, -1.0)",0.9,0.0,0.0,284.2542419433594,2.7122645378112797,0.0,0.0,0.0,0.0,0,0,0,0,0,36028797018963968,0,71,71,"(7338, 7340, 7340, 7339, 7339, 7338, 7339, 7339, 7340, 7338, 7339, 7339, 7339, 7338, 7339, 7338, 7339, 7339, 7340, 7338, 7339, 7339, 7339, 7338, 7339, 7340, 7339, 7339, 7340, 7339, 7340, 7339, 7339, 7339, 7338, 7338, 7338, 7339, 7340, 7339, 7339, 7339, 7339, 7339, 7340, 7340, 7338, 7338, 7339, 7339, 7338, 7339, 7338, 7338, 7338, 7339, 7338, 7338, 7340, 7340, 7340, 7339, 7030, 7338, 6717, 7338, 7340, 7339, 7339, 7338, 7339, -1, -1, -1)","(57832, 56837, 56726, 56782, 57082, 57135, 56804, 57518, 58258, 58127, 56715, 56755, 56683, 58174, 57451, 57067, 56749, 56780, 57196, 56664, 56747, 57544, 57510, 57789, 56697, 58216, 56783, 57463, 57576, 56799, 56825, 57892, 56686, 56722, 57038, 57127, 57805, 56720, 58289, 57901, 56808, 57918, 56772, 56813, 58230, 56829, 57817, 57859, 57481, 57492, 56745, 56795, 57159, 56717, 57874, 57435, 56660, 57050, 57570, 57185, 56833, 56751, 56448, 57781, 56397, 57843, 57106, 56739, 57934, 57166, 56768, -1, -1, -1)","(698, 696, 710, 690, 692, 698, 700, 690, 694, 698, 694, 704, 694, 698, 694, 698, 692, 690, 692, 658, 692, 690, 690, 698, 694, 698, 690, 686, 694, 690, 696, 690, 688, 706, 692, 698, 698, 704, 692, 690, 688, 690, 726, 688, 696, 696, 698, 698, 690, 690, 718, 690, 682, 700, 698, 694, 696, 698, 694, 692, 696, 704, 531, 698, 526, 698, 694, 682, 690, 682, 704, -1, -1, -1)","(2, 2, 2, 2, 2, 2, 2, 2, 2, 2, 2, 2, 2, 2, 2, 2, 2, 2, 2, 2, 2, 2, 2, 2, 2, 2, 2, 2, 2, 2, 2, 2, 2, 2, 2, 2, 2, 2, 2, 2, 2, 2, 2, 2, 2, 2, 2, 2, 2, 2, 2, 2, 2, 2, 2, 2, 2, 2, 2, 2, 2, 2, 2, 2, 2, 2, 2, 2, 2, 2, 2, -1, -1, -1)",2,3712,301,2,199,212,5400.0,0.0,-64.23605346679688,44.98291015625,boss216,15910,15.72189998626709,"(2.7139468, 4.140263, 4.300769, 5.202332, 7.4534807)","(10.898490905761719, 48.51033401489258, 28.148101806640625, 12.288691520690918, 0.9681075811386108)","(21.413118, 20.956917, 20.91529, 20.708208, 20.308556)","(0.12054263055324554, 0.03761570528149605, 0.04750928655266762, 0.05939311161637306, 0.14521321654319763)","(0.038052987, 0.02965063, 0.02051217, 0.01524274, 0.011337798)",-25.495811843147152,3.4839353561401367,1,-0.0162539221346378,837.7253712473104,0.085456371307373,270.94819569838234,0,-1.0,-1.0,-1.0,-1.0,-1.0,-1.0,-1.0,-1.0,133.87451,0.008402183,17.183256,0.08847699,0.9719906,12.271396,0.84829164,0.24383938,0.0018214018,36,219.30983,0.0006528397,16.647354,0.19375946,0.59284675,5.603526,0.85778636,0.19387633,0.0008840294,36,0,-1.0,-1.0,-1.0,-1.0,-1.0,-1.0,-1,-1.0,-1.0,-1.0,-1,-1.0,-1.0,-1.0,-1,-1.0,-1,-1.0,-1.0,-1.0,-1.0,-1.0,-1,-1.0,-1.0,-1.0,-1.0,-1.0,-1.0,-1.0,-1.0,-1.0,-1.0,1,Gaia DR2 1608199445416404096,213.20995330410796,53.288808852420544,0.0,0.0,0.0,0.0,0.0,0.0,20.98870277404785,38.88187789916992,20.806854248046875,9.479134559631348,20.004600524902344,3.0381853580474854,0.1092720050183371,jw02057004001_03101_00002_nrs2,RM052,SREGION=POLYGON ICRS  213.209317703 53.289205444 213.209299456 53.288316707 213.210738563 53.288316340 213.210757122 53.289205214|TARGCAT=Galaxy|TARGDESC=Quasars|TARGET_DESCRIP=Galaxy; Quasars,213.21002823021232,53.288760942629686,NIRSPEC/IFU,NRS_IFU,2057,1,60026.68690930556,598.144,F100LP;G140M,NRS2,0.1283740084167908,0.0
jw03428-o005_t005_nirspec_g235h-f170lp,J075907.57+180054.7,SREGION=POLYGON ICRS  119.780846628 18.014524572 119.780846628 18.015857906 119.782307123 18.015857906 119.782307123 18.014524572|TARGCAT=Galaxy|TARGDESC=Quasars|TARGET_DESCRIP=Galaxy; Quasars,119.7815768747884,18.015191239162064,NIRSPEC/IFU,NRS_IFU,3428,3,60398.80656557871,875.332,True,F170LP;G235H,MULTIPLE,075907.57+180054.7,119.7815807940854,18.01519766578297,4490,55629,74,VI,VI,1,4.783329411094408,0,-1.0,-1,-1,-1,270144163,4.778,3,3,4.778,1,4.8615,1,4.814824,4.804050922393799,1,4.778,VI,4.876922130584717,0,1.2376648364596936e+18,4.80856892885857,0,25593.65822295363,-1.0,7682,0.0,-1.0,7682,0.0,-1.0,7682,0.0,-1.0,7682,0.0,4.742064453232802,0,1122.775418551612,4.8472039828304245,0,13278.04599418011,-1.0,"(4.651766200685629, -1.0, -1.0, -1.0, -1.0)","(20.74090850435595, -1.0, -1.0, -1.0, -1.0)","(1.0, -1.0, -1.0, -1.0, -1.0)",0.9,0.0,0.0,534.3117065429688,9.527822494506836,0.0,0.0,0.0,0.0,4096,0,0,0,0,0,1,0,1,"(1923, -1, -1, -1, -1, -1, -1, -1, -1, -1, -1, -1, -1, -1, -1, -1, -1, -1, -1, -1, -1, -1, -1, -1, -1, -1, -1, -1, -1, -1, -1, -1, -1, -1, -1, -1, -1, -1, -1, -1, -1, -1, -1, -1, -1, -1, -1, -1, -1, -1, -1, -1, -1, -1, -1, -1, -1, -1, -1, -1, -1, -1, -1, -1, -1, -1, -1, -1, -1, -1, -1, -1, -1, -1)","(53319, -1, -1, -1, -1, -1, -1, -1, -1, -1, -1, -1, -1, -1, -1, -1, -1, -1, -1, -1, -1, -1, -1, -1, -1, -1, -1, -1, -1, -1, -1, -1, -1, -1, -1, -1, -1, -1, -1, -1, -1, -1, -1, -1, -1, -1, -1, -1, -1, -1, -1, -1, -1, -1, -1, -1, -1, -1, -1, -1, -1, -1, -1, -1, -1, -1, -1, -1, -1, -1, -1, -1, -1, -1)","(309, -1, -1, -1, -1, -1, -1, -1, -1, -1, -1, -1, -1, -1, -1, -1, -1, -1, -1, -1, -1, -1, -1, -1, -1, -1, -1, -1, -1, -1, -1, -1, -1, -1, -1, -1, -1, -1, -1, -1, -1, -1, -1, -1, -1, -1, -1, -1, -1, -1, -1, -1, -1, -1, -1, -1, -1, -1, -1, -1, -1, -1, -1, -1, -1, -1, -1, -1, -1, -1, -1, -1, -1, -1)","(1, -1, -1, -1, -1, -1, -1, -1, -1, -1, -1, -1, -1, -1, -1, -1, -1, -1, -1, -1, -1, -1, -1, -1, -1, -1, -1, -1, -1, -1, -1, -1, -1, -1, -1, -1, -1, -1, -1, -1, -1, -1, -1, -1, -1, -1, -1, -1, -1, -1, -1, -1, -1, -1, -1, -1, -1, -1, -1, -1, -1, -1, -1, -1, -1, -1, -1, -1, -1, -1, -1, -1, -1, -1)",2,4508,301,4,44,1425,4000.0,175.0,249.69378662109372,-29.39608383178711,boss14,11073,11.628700256347656,"(0.19556405, -0.036663696, 3.826892, 21.170675, 21.760685)","(24.390731811523438, 161.1024169921875, 46.60835266113281, 10.436811447143555, 1.3254035711288452)","(23.92744, 25.334044, 21.041819, 19.185585, 19.154566)","(0.6436922550201416, 0.46566495299339294, 0.04147571325302124, 0.01587241142988205, 0.043238990008831024)","(0.13118112, 0.10221544, 0.07071217, 0.05254672, 0.039085105)",-28.58645406488135,1.2790156602859497,1,0.0,0.0,0.0,0.0,0,-1.0,-1.0,-1.0,-1.0,-1.0,-1.0,-1.0,-1.0,388.47134,0.0035804037,16.026602,0.04670886,1.8557024,23.244755,0.88338,0.5135337,0.0013219327,63,723.7421,0.00030915497,15.35104,0.08532029,0.40358686,12.725416,0.8854249,0.35231486,0.00048679629,53,0,-1.0,-1.0,-1.0,-1.0,-1.0,-1.0,-1,-1.0,-1.0,-1.0,-1,-1.0,-1.0,-1.0,-1,-1.0,-1,-1.0,-1.0,-1.0,-1.0,-1.0,-1,-1.0,-1.0,-1.0,-1.0,-1.0,-1.0,-1.0,-1.0,-1.0,-1.0,1,Gaia DR2 669141095670730496,119.78159043738674,18.015212583855337,0.4773696959018707,1.281880021095276,1.260742425918579,0.4312545955181122,0.221883550286293,1.4071497917175293,20.25638961791992,169.2716064453125,20.546165466308597,5.9667840003967285,19.0908145904541,20.984939575195312,0.0630408793059315,jw03428-o005_t005_nirspec_g235h-f170lp,J075907.57+180054.7,SREGION=POLYGON ICRS  119.780846628 18.014524572 119.780846628 18.015857906 119.782307123 18.015857906 119.782307123 18.014524572|TARGCAT=Galaxy|TARGDESC=Quasars|TARGET_DESCRIP=Galaxy; Quasars,119.7815768747884,18.015191239162064,NIRSPEC/IFU,NRS_IFU,3428,3,60398.80656557871,875.332,F170LP;G235H,MULTIPLE,0.0267451449116844,0.0
jw02457-o005_t005_nirspec_g235h-f170lp,SDSS-J121704.70+023417.1,SREGION=POLYGON ICRS  184.268901474 2.570796636 184.268901474 2.572074414 184.270291763 2.572074414 184.270291763 2.570796636|TARGCAT=Galaxy|TARGDESC=Quasars|TARGET_DESCRIP=Galaxy; Quasars|TARGNAME=SDSS J121704.70+023417.1,184.26959661910308,2.5714355250803465,NIRSPEC/IFU,NRS_IFU,2457,3,60116.784610532406,14588.879999999996,True,F170LP;G235H,MULTIPLE,121704.70+023417.1,184.26959983409,2.571432120697494,4750,55630,724,QSO,QSO,1,2.424849398656301,0,-1.0,-1,-1,-1,134777089,2.423,3,3,2.423,1,-1.0,-1,-1.0,-1.0,1,2.423,VI,2.425645589828491,0,1.237651754012181e+18,2.4243258662636533,0,14544.088740215568,-1.0,7682,0.0,-1.0,7682,0.0,2.425267032173563,0,263.1758766587495,2.420370021903285,0,79.4087965785489,2.41902592461589,0,4180.480371010057,2.4874200453800843,0,8615.95145725185,2.424033,"(-1.0, -1.0, -1.0, -1.0, -1.0)","(-1.0, -1.0, -1.0, -1.0, -1.0)","(-1.0, -1.0, -1.0, -1.0, -1.0)",0.9,0.0,0.0,1975.0257568359373,25.27586936950684,0.0,0.0,393.93408203125,15.036723136901855,3298534899712,0,0,0,0,0,0,0,0,"(-1, -1, -1, -1, -1, -1, -1, -1, -1, -1, -1, -1, -1, -1, -1, -1, -1, -1, -1, -1, -1, -1, -1, -1, -1, -1, -1, -1, -1, -1, -1, -1, -1, -1, -1, -1, -1, -1, -1, -1, -1, -1, -1, -1, -1, -1, -1, -1, -1, -1, -1, -1, -1, -1, -1, -1, -1, -1, -1, -1, -1, -1, -1, -1, -1, -1, -1, -1, -1, -1, -1, -1, -1, -1)","(-1, -1, -1, -1, -1, -1, -1, -1, -1, -1, -1, -1, -1, -1, -1, -1, -1, -1, -1, -1, -1, -1, -1, -1, -1, -1, -1, -1, -1, -1, -1, -1, -1, -1, -1, -1, -1, -1, -1, -1, -1, -1, -1, -1, -1, -1, -1, -1, -1, -1, -1, -1, -1, -1, -1, -1, -1, -1, -1, -1, -1, -1, -1, -1, -1, -1, -1, -1, -1, -1, -1, -1, -1, -1)","(-1, -1, -1, -1, -1, -1, -1, -1, -1, -1, -1, -1, -1, -1, -1, -1, -1, -1, -1, -1, -1, -1, -1, -1, -1, -1, -1, -1, -1, -1, -1, -1, -1, -1, -1, -1, -1, -1, -1, -1, -1, -1, -1, -1, -1, -1, -1, -1, -1, -1, -1, -1, -1, -1, -1, -1, -1, -1, -1, -1, -1, -1, -1, -1, -1, -1, -1, -1, -1, -1, -1, -1, -1, -1)","(-1, -1, -1, -1, -1, -1, -1, -1, -1, -1, -1, -1, -1, -1, -1, -1, -1, -1, -1, -1, -1, -1, -1, -1, -1, -1, -1, -1, -1, -1, -1, -1, -1, -1, -1, -1, -1, -1, -1, -1, -1, -1, -1, -1, -1, -1, -1, -1, -1, -1, -1, -1, -1, -1, -1, -1, -1, -1, -1, -1, -1, -1, -1, -1, -1, -1, -1, -1, -1, -1, -1, -1, -1, -1)",2,1462,301,4,393,505,4000.0,0.0,-27.651891708374023,71.60472106933594,boss16,12367,13.841099739074709,"(0.8135119, 2.2476568, 2.4803636, 3.7191024, 9.1460085)","(11.444134712219238, 63.79280471801758, 28.64406967163086, 10.98277759552002, 0.682354748249054)","(22.693275, 21.618938, 21.511179, 21.071371, 20.089882)","(0.3730420768260956, 0.06028652563691139, 0.08140817284584045, 0.0876808911561966, 0.1418648064136505)","(0.08352928, 0.06508545, 0.04502581, 0.033459004, 0.024887351)",-25.281398902262875,2.1434600353240967,1,-0.1198426857590675,106.55156172287472,0.01868955232203,6.8120176134898704,1,3.5765988435209493e-31,3.047658359097263e-32,5.152745162394453e-31,3.9617271744004886e-32,9.677642805291552e-31,4.4873262573572457e-32,1.898242820645708e-30,7.051790610582903e-32,726.17316,0.00417192,15.3474,0.023148142,1.0065007,46.903816,0.9285336,3.8818982,0.0053456947,138,2852.7534,0.00024441208,13.861839,0.024344383,1.2240582,44.599045,0.93930924,9.644059,0.0033806139,137,0,-1.0,-1.0,-1.0,-1.0,-1.0,-1.0,-1,-1.0,-1.0,-1.0,-1,-1.0,-1.0,-1.0,-1,-1.0,-1,-1.0,-1.0,-1.0,-1.0,-1.0,-1,-1.0,-1.0,-1.0,-1.0,-1.0,-1.0,-1.0,-1.0,-1.0,-1.0,0,-1,-1.0,-1.0,-1.0,-1.0,-1.0,-1.0,-1.0,-1.0,-1.0,-1.0,-1.0,-1.0,-1.0,-1.0,-1.0,jw02457-o005_t005_nirspec_g235h-f170lp,SDSS-J121704.70+023417.1,SREGION=POLYGON ICRS  184.268901474 2.570796636 184.268901474 2.572074414 184.270291763 2.572074414 184.270291763 2.570796636|TARGCAT=Galaxy|TARGDESC=Quasars|TARGET_DESCRIP=Galaxy; Quasars|TARGNAME=SDSS J121704.70+023417.1,184.26959661910308,2.5714355250803465,NIRSPEC/IFU,NRS_IFU,2457,3,60116.784610532406,14588.879999999996,F170LP;G235H,MULTIPLE,0.0168490608798412,0.0
jw02457052001_03102_00006_nrs1,SDSS-J083200.20+161500.3,SREGION=POLYGON ICRS  128.000175694 16.249496526 128.000175694 16.250718748 128.001564515 16.250718748 128.001564515 16.249496526|TARGCAT=Galaxy|TARGDESC=Quasars|TARGET_DESCRIP=Galaxy; Quasars|TARGNAME=SDSS J083200.20+161500.3,128.0008701046853,16.250107637560916,NIRSPEC/IFU,NRS_IFU,2457,2,59922.35978313658,729.444,True,F170LP;G235H,NRS1,083200.20+161500.3,128.00084556429823,16.25010432112134,4496,55544,894,QSO,QSO,1,2.431407720313543,0,-1.0,-1,-1,-1,255034068,2.423,3,3,2.423,1,-1.0,-1,-1.0,-1.0,1,2.423,VI,2.431516170501709,0,1.237667430625117e+18,2.429011238655698,0,11897.53269746244,-1.0,7682,0.0,-1.0,7682,0.0,2.4290752866632093,0,46.38799232726649,2.422831528949602,0,460.909892669204,2.4347162550371424,0,2842.500242217865,2.42909139200161,0,3539.8422933664333,2.4337308,"(-1.0, -1.0, -1.0, -1.0, -1.0)","(-1.0, -1.0, -1.0, -1.0, -1.0)","(-1.0, -1.0, -1.0, -1.0, -1.0)",1.0,510.3310852050781,12.927717208862305,1680.5885009765625,24.755708694458008,0.0,0.0,0.0,0.0,7696581672960,0,0,0,0,0,0,0,0,"(-1, -1, -1, -1, -1, -1, -1, -1, -1, -1, -1, -1, -1, -1, -1, -1, -1, -1, -1, -1, -1, -1, -1, -1, -1, -1, -1, -1, -1, -1, -1, -1, -1, -1, -1, -1, -1, -1, -1, -1, -1, -1, -1, -1, -1, -1, -1, -1, -1, -1, -1, -1, -1, -1, -1, -1, -1, -1, -1, -1, -1, -1, -1, -1, -1, -1, -1, -1, -1, -1, -1, -1, -1, -1)","(-1, -1, -1, -1, -1, -1, -1, -1, -1, -1, -1, -1, -1, -1, -1, -1, -1, -1, -1, -1, -1, -1, -1, -1, -1, -1, -1, -1, -1, -1, -1, -1, -1, -1, -1, -1, -1, -1, -1, -1, -1, -1, -1, -1, -1, -1, -1, -1, -1, -1, -1, -1, -1, -1, -1, -1, -1, -1, -1, -1, -1, -1, -1, -1, -1, -1, -1, -1, -1, -1, -1, -1, -1, -1)","(-1, -1, -1, -1, -1, -1, -1, -1, -1, -1, -1, -1, -1, -1, -1, -1, -1, -1, -1, -1, -1, -1, -1, -1, -1, -1, -1, -1, -1, -1, -1, -1, -1, -1, -1, -1, -1, -1, -1, -1, -1, -1, -1, -1, -1, -1, -1, -1, -1, -1, -1, -1, -1, -1, -1, -1, -1, -1, -1, -1, -1, -1, -1, -1, -1, -1, -1, -1, -1, -1, -1, -1, -1, -1)","(-1, -1, -1, -1, -1, -1, -1, -1, -1, -1, -1, -1, -1, -1, -1, -1, -1, -1, -1, -1, -1, -1, -1, -1, -1, -1, -1, -1, -1, -1, -1, -1, -1, -1, -1, -1, -1, -1, -1, -1, -1, -1, -1, -1, -1, -1, -1, -1, -1, -1, -1, -1, -1, -1, -1, -1, -1, -1, -1, -1, -1, -1, -1, -1, -1, -1, -1, -1, -1, -1, -1, -1, -1, -1)",2,5112,301,4,123,816,4000.0,0.0,120.0282211303711,52.027320861816406,boss14,11057,15.470800399780272,"(0.30377102, 2.4850547, 1.8727016, 1.921618, 3.6659505)","(19.58770751953125, 96.18452453613281, 52.650211334228516, 17.260927200317383, 0.9534422159194946)","(23.613926, 21.510239, 21.814398, 21.78143, 21.047775)","(0.5938068628311157, 0.044432368129491806, 0.07925344258546829, 0.13367022573947906, 0.2812569737434387)","(0.14194833, 0.11060517, 0.076516144, 0.0568597, 0.04229317)",-24.5998215730854,1.1486979722976685,1,-0.1488954126834869,493.86791859016944,0.0404033400118351,14.53506266903442,0,-1.0,-1.0,-1.0,-1.0,-1.0,-1.0,-1.0,-1.0,304.79276,0.003608621,16.289988,0.059299223,0.8614989,18.30945,0.88185287,0.0014979528,4.9147657e-06,61,2127.5515,0.00020594303,14.1803,0.03556073,2.3684769,30.531885,0.92205817,0.0044582523,2.096038e-06,97,1,1.0,5.087420463562012,0.3992906156426622,-1.0,-1.0,-1.0,-1,-1.0,-1.0,-1.0,-1,-1.0,-1.0,-1.0,-1,-1.0,-1,-1.0,-1.0,-1.0,-1.0,-1.0,-1,-1.0,-1.0,-1.0,-1.0,-1.0,-1.0,-1.0,-1.0,-1.0,-1.0,0,-1,-1.0,-1.0,-1.0,-1.0,-1.0,-1.0,-1.0,-1.0,-1.0,-1.0,-1.0,-1.0,-1.0,-1.0,-1.0,jw02457052001_03102_00006_nrs1,SDSS-J083200.20+161500.3,SREGION=POLYGON ICRS  128.000175694 16.249496526 128.000175694 16.250718748 128.001564515 16.250718748 128.001564515 16.249496526|TARGCAT=Galaxy|TARGDESC=Quasars|TARGET_DESCRIP=Galaxy; Quasars|TARGNAME=SDSS J083200.20+161500.3,128.0008701046853,16.250107637560916,NIRSPEC/IFU,NRS_IFU,2457,2,59922.35978313658,729.444,F170LP;G235H,NRS1,0.0856521286695793,0.0
jw01220002001_03101_00004_nrs2,LBQS0302-0019+JIL,SREGION=POLYGON ICRS  46.207370676 -0.137693061 46.207370676 -0.136359727 46.208648457 -0.136359727 46.208648457 -0.137693061|TARGCAT=Galaxy|TARGDESC=High-redshift galaxies; Quasar-galaxy pairs; Quasars|TARGET_DESCRIP=Galaxy; High-redshift galaxies; Quasar-galaxy pairs; Quasars,46.20800956330141,-0.137026393990386,NIRSPEC/IFU,NRS_IFU,1220,2,59801.96109597222,875.333,True,F170LP;G235H,NRS2,030449.85-000813.4,46.207748,-0.137082,411,51817,153,UNK,UNK,-1,-1.0,0,-1.0,-1,-1,-1,94030050,-1.0,-1,0,-1.0,-1,3.2951,1,3.297184,3.2963640689849854,1,3.297184,DR6Q_HW,-1.0,-1,1.2376663005537894e+18,3.285253575807885,0,107292.614894466,-1.0,7682,0.0,-1.0,7682,0.0,-1.0,7682,0.0,3.2876811641491974,0,1349.0017336641722,3.2822149482779936,0,10779.384055205075,3.2889482949726965,0,47619.85517364595,3.289279,"(-1.0, -1.0, -1.0, -1.0, -1.0)","(-1.0, -1.0, -1.0, -1.0, -1.0)","(-1.0, -1.0, -1.0, -1.0, -1.0)",0.9,0.0,0.0,41.10313415527344,1.5670464038848877,0.0,0.0,0.0,0.0,-1,-1,-1,-1,-1,-1,0,0,0,"(-1, -1, -1, -1, -1, -1, -1, -1, -1, -1, -1, -1, -1, -1, -1, -1, -1, -1, -1, -1, -1, -1, -1, -1, -1, -1, -1, -1, -1, -1, -1, -1, -1, -1, -1, -1, -1, -1, -1, -1, -1, -1, -1, -1, -1, -1, -1, -1, -1, -1, -1, -1, -1, -1, -1, -1, -1, -1, -1, -1, -1, -1, -1, -1, -1, -1, -1, -1, -1, -1, -1, -1, -1, -1)","(-1, -1, -1, -1, -1, -1, -1, -1, -1, -1, -1, -1, -1, -1, -1, -1, -1, -1, -1, -1, -1, -1, -1, -1, -1, -1, -1, -1, -1, -1, -1, -1, -1, -1, -1, -1, -1, -1, -1, -1, -1, -1, -1, -1, -1, -1, -1, -1, -1, -1, -1, -1, -1, -1, -1, -1, -1, -1, -1, -1, -1, -1, -1, -1, -1, -1, -1, -1, -1, -1, -1, -1, -1, -1)","(-1, -1, -1, -1, -1, -1, -1, -1, -1, -1, -1, -1, -1, -1, -1, -1, -1, -1, -1, -1, -1, -1, -1, -1, -1, -1, -1, -1, -1, -1, -1, -1, -1, -1, -1, -1, -1, -1, -1, -1, -1, -1, -1, -1, -1, -1, -1, -1, -1, -1, -1, -1, -1, -1, -1, -1, -1, -1, -1, -1, -1, -1, -1, -1, -1, -1, -1, -1, -1, -1, -1, -1, -1, -1)","(-1, -1, -1, -1, -1, -1, -1, -1, -1, -1, -1, -1, -1, -1, -1, -1, -1, -1, -1, -1, -1, -1, -1, -1, -1, -1, -1, -1, -1, -1, -1, -1, -1, -1, -1, -1, -1, -1, -1, -1, -1, -1, -1, -1, -1, -1, -1, -1, -1, -1, -1, -1, -1, -1, -1, -1, -1, -1, -1, -1, -1, -1, -1, -1, -1, -1, -1, -1, -1, -1, -1, -1, -1, -1)",2,4849,301,3,763,64,5000.0,0.0,91.50231170654295,-26.156463623046875,chunk8,200,21.027000427246094,"(20.809414, 70.97763, 87.725815, 95.995445, 102.66352)","(4.358127593994141, 0.9596765637397766, 1.0428658723831177, 1.251787543296814, 0.384218692779541)","(19.204302, 17.872194, 17.64218, 17.544369, 17.471403)","(0.024990513920783997, 0.015614891424775124, 0.012119398452341557, 0.010108932852745056, 0.017059793695807457)","(0.48559868, 0.35729888, 0.25914294, 0.19650024, 0.13932112)",-29.635690744490887,24.602840423583984,1,3.111205816268921,113.35962740689791,2.3099868297576904,40.77524030327972,0,-1.0,-1.0,-1.0,-1.0,-1.0,-1.0,-1.0,-1.0,1693.479,0.0055792113,14.42805,0.008583374,7.842419,126.49292,0.9457857,0.20845772,0.00012309424,225,2518.987,0.0003883484,13.996935,0.021871954,1.7015827,49.64056,0.9445132,0.17840582,7.0824906e-05,154,0,-1.0,-1.0,-1.0,16.304000854492188,0.0989999994635582,12.100000381469728,2,15.682000160217283,0.135000005364418,8.800000190734863,2,15.28600025177002,0.1439999938011169,7.5,2,0.2276839263412516,-1,-1.0,-1.0,-1.0,-1.0,-1.0,202031602010002,46.207821584638,-0.1372275771413,5.396651e-14,3.2557469e-15,3.95889e-14,1.7388206e-14,1.04328e-13,2.58842e-14,inf,0.5872235868910795,1,Gaia DR2 3266555278396586240,46.20774706193375,-0.1370927691298946,-0.3641337752342224,37.65412139892578,0.11617311835289,15.907537460327148,0.2214760035276413,15.071395874023438,17.673864364624023,530.197509765625,18.02082061767578,76.87418365478516,17.23674201965332,101.65798950195312,0.0389156706275624,jw01220002001_03101_00004_nrs2,LBQS0302-0019+JIL,SREGION=POLYGON ICRS  46.207370676 -0.137693061 46.207370676 -0.136359727 46.208648457 -0.136359727 46.208648457 -0.137693061|TARGCAT=Galaxy|TARGDESC=High-redshift galaxies; Quasar-galaxy pairs; Quasars|TARGET_DESCRIP=Galaxy; High-redshift galaxies; Quasar-galaxy pairs; Quasars,46.20800956330141,-0.137026393990386,NIRSPEC/IFU,NRS_IFU,1220,2,59801.96109597222,875.333,F170LP;G235H,NRS2,0.9626685241484992,0.0
jw02457-o054_t004_nirspec_g235h-f170lp,SDSS-J123241.73+091209.3,SREGION=POLYGON ICRS  188.173204404 9.201971334 188.173204404 9.203249112 188.174611404 9.203249112 188.174611404 9.201971334|TARGCAT=Galaxy|TARGDESC=Quasars|TARGET_DESCRIP=Galaxy; Quasars|TARGNAME=SDSS J123241.73+091209.3,188.17390790345843,9.202610223309378,NIRSPEC/IFU,NRS_IFU,2457,3,60481.65025417824,16047.767999999996,True,F170LP;G235H,MULTIPLE,123241.73+091209.3,188.1739075443031,9.202604951373855,5401,55949,54,QSO,QSO,1,2.370758877327491,0,-1.0,-1,-1,-1,194863321,2.385,3,3,2.385,1,-1.0,-1,-1.0,-1.0,1,2.385,VI,2.3706860542297363,0,1.237658491745993e+18,2.3658449629644944,0,61458.49951283002,-1.0,7682,0.0,-1.0,7682,0.0,2.3932395092373944,0,177.54653334934812,2.3650097904806957,0,308.87078621378976,2.3623778274249987,0,18312.61080520381,2.432717466287558,0,20551.62482020735,2.3700213,"(-1.0, -1.0, -1.0, -1.0, -1.0)","(-1.0, -1.0, -1.0, -1.0, -1.0)","(-1.0, -1.0, -1.0, -1.0, -1.0)",1.0,3681.54443359375,37.36045455932617,6430.62890625,60.34388732910156,6301.5205078125,43.92995834350586,7782.892578125,51.7855339050293,3298534899712,0,0,0,0,0,0,1,1,"(5406, -1, -1, -1, -1, -1, -1, -1, -1, -1, -1, -1, -1, -1, -1, -1, -1, -1, -1, -1, -1, -1, -1, -1, -1, -1, -1, -1, -1, -1, -1, -1, -1, -1, -1, -1, -1, -1, -1, -1, -1, -1, -1, -1, -1, -1, -1, -1, -1, -1, -1, -1, -1, -1, -1, -1, -1, -1, -1, -1, -1, -1, -1, -1, -1, -1, -1, -1, -1, -1, -1, -1, -1, -1)","(55955, -1, -1, -1, -1, -1, -1, -1, -1, -1, -1, -1, -1, -1, -1, -1, -1, -1, -1, -1, -1, -1, -1, -1, -1, -1, -1, -1, -1, -1, -1, -1, -1, -1, -1, -1, -1, -1, -1, -1, -1, -1, -1, -1, -1, -1, -1, -1, -1, -1, -1, -1, -1, -1, -1, -1, -1, -1, -1, -1, -1, -1, -1, -1, -1, -1, -1, -1, -1, -1, -1, -1, -1, -1)","(451, -1, -1, -1, -1, -1, -1, -1, -1, -1, -1, -1, -1, -1, -1, -1, -1, -1, -1, -1, -1, -1, -1, -1, -1, -1, -1, -1, -1, -1, -1, -1, -1, -1, -1, -1, -1, -1, -1, -1, -1, -1, -1, -1, -1, -1, -1, -1, -1, -1, -1, -1, -1, -1, -1, -1, -1, -1, -1, -1, -1, -1, -1, -1, -1, -1, -1, -1, -1, -1, -1, -1, -1, -1)","(2, -1, -1, -1, -1, -1, -1, -1, -1, -1, -1, -1, -1, -1, -1, -1, -1, -1, -1, -1, -1, -1, -1, -1, -1, -1, -1, -1, -1, -1, -1, -1, -1, -1, -1, -1, -1, -1, -1, -1, -1, -1, -1, -1, -1, -1, -1, -1, -1, -1, -1, -1, -1, -1, -1, -1, -1, -1, -1, -1, -1, -1, -1, -1, -1, -1, -1, -1, -1, -1, -1, -1, -1, -1)",2,3031,301,2,452,303,4000.0,175.0,229.8136138916016,-138.28062438964844,boss26,13763,25.28019905090332,"(2.1159065, 4.6926794, 3.629217, 3.116582, 4.265098)","(13.053057670593262, 52.322364807128906, 34.577049255371094, 22.08579444885254, 1.6127055883407593)","(21.681536, 20.821049, 21.099283, 21.2622, 20.893879)","(0.14079980552196503, 0.03196248039603233, 0.050765641033649445, 0.07363953441381454, 0.1893778145313263)","(0.08838644, 0.06887011, 0.047644023, 0.035404615, 0.02633453)",-25.02724015603356,2.695673942565918,1,-0.0366797558963298,1050.6242170481405,0.1957824677228927,388.70121545397296,1,1.176671961062941e-31,2.8817649555959406e-32,1.3782536081540976e-31,3.00684431361595e-32,3.5228517153183023e-31,4.308088054238215e-32,4.9487856077810185e-31,5.334796558593873e-32,407.25876,0.0048953886,15.975324,0.038103096,3.134816,28.494696,0.90882826,2.6382308,0.00647802,94,2953.7295,0.0002680866,13.824073,0.022449983,3.3850117,48.362446,0.939711,0.73004663,0.00024716117,139,0,-1.0,-1.0,-1.0,-1.0,-1.0,-1.0,-1,-1.0,-1.0,-1.0,-1,-1.0,-1.0,-1.0,-1,-1.0,-1,-1.0,-1.0,-1.0,-1.0,-1.0,-1,-1.0,-1.0,-1.0,-1.0,-1.0,-1.0,-1.0,-1.0,-1.0,-1.0,0,-1,-1.0,-1.0,-1.0,-1.0,-1.0,-1.0,-1.0,-1.0,-1.0,-1.0,-1.0,-1.0,-1.0,-1.0,-1.0,jw02457-o054_t004_nirspec_g235h-f170lp,SDSS-J123241.73+091209.3,SREGION=POLYGON ICRS  188.173204404 9.201971334 188.173204404 9.203249112 188.174611404 9.203249112 188.174611404 9.201971334|TARGCAT=Galaxy|TARGDESC=Quasars|TARGET_DESCRIP=Galaxy; Quasars|TARGNAME=SDSS J123241.73+091209.3,188.17390790345843,9.202610223309378,NIRSPEC/IFU,NRS_IFU,2457,3,60481.65025417824,16047.767999999996,F170LP;G235H,MULTIPLE,0.0190218350378158,0.0
jw02457001001_04101_00010_nrs2,SDSS-J221524.00-005643.8,SREGION=POLYGON ICRS  333.849369174 -0.946151022 333.849369174 -0.944817688 333.850647127 -0.944817688 333.850647127 -0.946151022|TARGCAT=Galaxy|TARGDESC=Quasars|TARGET_DESCRIP=Galaxy; Quasars|TARGNAME=SDSS J221524.00-005643.8,333.8500102473982,-0.945484360933048,NIRSPEC/IFU,NRS_IFU,2457,2,59906.805567951385,729.444,True,F170LP;G235H,NRS2,221524.00-005643.8,333.85001846060817,-0.9455003627264668,4201,55443,450,QSO,QSO,1,2.4994732598516856,0,-1.0,-1,-1,-1,75277555,2.493,3,3,2.4934237003326416,1,-1.0,-1,-1.0,-1.0,1,2.493,VI,2.4930977821350098,0,1.2376569063436457e+18,2.4902800760555954,0,8534.48520795864,-1.0,7682,0.0,-1.0,7682,0.0,2.4990629766793,0,12.13084590858287,2.481228090842448,0,274.19389693339326,2.491790147618499,0,1678.8757329151545,2.4854162398087025,0,3370.814864179933,2.4967325,"(-1.0, -1.0, -1.0, -1.0, -1.0)","(-1.0, -1.0, -1.0, -1.0, -1.0)","(-1.0, -1.0, -1.0, -1.0, -1.0)",0.95,24.396678924560547,2.82246732711792,1012.2015991210938,21.412660598754883,0.0,0.0,0.0,0.0,2199023255552,0,0,0,0,0,0,0,0,"(-1, -1, -1, -1, -1, -1, -1, -1, -1, -1, -1, -1, -1, -1, -1, -1, -1, -1, -1, -1, -1, -1, -1, -1, -1, -1, -1, -1, -1, -1, -1, -1, -1, -1, -1, -1, -1, -1, -1, -1, -1, -1, -1, -1, -1, -1, -1, -1, -1, -1, -1, -1, -1, -1, -1, -1, -1, -1, -1, -1, -1, -1, -1, -1, -1, -1, -1, -1, -1, -1, -1, -1, -1, -1)","(-1, -1, -1, -1, -1, -1, -1, -1, -1, -1, -1, -1, -1, -1, -1, -1, -1, -1, -1, -1, -1, -1, -1, -1, -1, -1, -1, -1, -1, -1, -1, -1, -1, -1, -1, -1, -1, -1, -1, -1, -1, -1, -1, -1, -1, -1, -1, -1, -1, -1, -1, -1, -1, -1, -1, -1, -1, -1, -1, -1, -1, -1, -1, -1, -1, -1, -1, -1, -1, -1, -1, -1, -1, -1)","(-1, -1, -1, -1, -1, -1, -1, -1, -1, -1, -1, -1, -1, -1, -1, -1, -1, -1, -1, -1, -1, -1, -1, -1, -1, -1, -1, -1, -1, -1, -1, -1, -1, -1, -1, -1, -1, -1, -1, -1, -1, -1, -1, -1, -1, -1, -1, -1, -1, -1, -1, -1, -1, -1, -1, -1, -1, -1, -1, -1, -1, -1, -1, -1, -1, -1, -1, -1, -1, -1, -1, -1, -1, -1)","(-1, -1, -1, -1, -1, -1, -1, -1, -1, -1, -1, -1, -1, -1, -1, -1, -1, -1, -1, -1, -1, -1, -1, -1, -1, -1, -1, -1, -1, -1, -1, -1, -1, -1, -1, -1, -1, -1, -1, -1, -1, -1, -1, -1, -1, -1, -1, -1, -1, -1, -1, -1, -1, -1, -1, -1, -1, -1, -1, -1, -1, -1, -1, -1, -1, -1, -1, -1, -1, -1, -1, -1, -1, -1)",2,2662,301,1,108,536,4000.0,0.0,-217.98013305664065,-206.08546447753903,boss11,10444,17.285600662231445,"(0.4688982, 1.086941, 1.1953658, 1.1600609, 0.2235019)","(18.115938186645508, 81.368896484375, 53.71747589111328, 23.130468368530273, 1.4544909000396729)","(23.236372, 22.402117, 22.295467, 22.313555, 22.663576)","(0.4670811891555786, 0.10924819111824036, 0.12150220572948456, 0.18585996329784393, 0.6014652848243713)","(0.5066394, 0.39477, 0.27310008, 0.20294261, 0.15095203)",-24.279278466348163,1.2584930658340454,1,0.0365914367139339,523.6524832777408,0.0813887193799018,263.130224415338,0,-1.0,-1.0,-1.0,-1.0,-1.0,-1.0,-1.0,-1.0,183.00574,0.0034053675,16.843838,0.101666436,0.97010326,10.679396,0.88180065,4.1489697,0.022671247,61,1219.1106,0.00026390175,14.784892,0.054822654,0.844182,19.804516,0.92209345,3.3851635,0.002776749,97,0,-1.0,-1.0,-1.0,-1.0,-1.0,-1.0,-1,-1.0,-1.0,-1.0,-1,-1.0,-1.0,-1.0,-1,-1.0,-1,-1.0,-1.0,-1.0,-1.0,-1.0,-1,-1.0,-1.0,-1.0,-1.0,-1.0,-1.0,-1.0,-1.0,-1.0,-1.0,0,-1,-1.0,-1.0,-1.0,-1.0,-1.0,-1.0,-1.0,-1.0,-1.0,-1.0,-1.0,-1.0,-1.0,-1.0,-1.0,jw02457001001_04101_00010_nrs2,SDSS-J221524.00-005643.8,SREGION=POLYGON ICRS  333.849369174 -0.946151022 333.849369174 -0.944817688 333.850647127 -0.944817688 333.850647127 -0.946151022|TARGCAT=Galaxy|TARGDESC=Quasars|TARGET_DESCRIP=Galaxy; Quasars|TARGNAME=SDSS J221524.00-005643.8,333.8500102473982,-0.945484360933048,NIRSPEC/IFU,NRS_IFU,2457,2,59906.805567951385,729.444,F170LP;G235H,NRS2,0.0647495646463986,0.0
jw01198011001_02101_00004_nrs2,HB89-1115+080,SREGION=POLYGON ICRS  169.570182525 7.765768859 169.571047140 7.766005637 169.570805933 7.766832055 169.569941137 7.766595400|TARGCAT=Galaxy|TARGDESC=Elliptical galaxies; Quasars|TARGET_DESCRIP=Galaxy; Elliptical galaxies; Quasars|TARGNAME=[HB89] 1115+080,169.57049416646282,7.76630049473917,NIRSPEC/IFU,NRS_IFU,1198,2,60060.8659612037,3501.334,True,F100LP;G140M,NRS2,111816.94+074558.2,169.570624,7.766168,1617,53112,467,UNK,UNK,-1,-1.0,0,-1.0,-1,-1,-1,180993935,-1.0,-1,0,-1.0,-1,1.735,1,1.735512,1.7354979515075684,1,1.735512,DR6Q_HW,-1.0,-1,1.2376619722525903e+18,1.732475183688785,0,118235.16578523885,-1.0,7682,0.0,-1.0,7682,0.0,1.7332906428722414,0,4467.002683416532,1.7315530120488396,0,4679.729160306932,1.7230860987632304,0,14896.683018278143,-1.0,7682,0.0,1.7324753,"(-1.0, -1.0, -1.0, -1.0, -1.0)","(-1.0, -1.0, -1.0, -1.0, -1.0)","(-1.0, -1.0, -1.0, -1.0, -1.0)",0.9,0.0,0.0,54.193824768066406,1.7107919454574585,0.0,0.0,0.0,0.0,-1,-1,-1,-1,-1,-1,0,0,0,"(-1, -1, -1, -1, -1, -1, -1, -1, -1, -1, -1, -1, -1, -1, -1, -1, -1, -1, -1, -1, -1, -1, -1, -1, -1, -1, -1, -1, -1, -1, -1, -1, -1, -1, -1, -1, -1, -1, -1, -1, -1, -1, -1, -1, -1, -1, -1, -1, -1, -1, -1, -1, -1, -1, -1, -1, -1, -1, -1, -1, -1, -1, -1, -1, -1, -1, -1, -1, -1, -1, -1, -1, -1, -1)","(-1, -1, -1, -1, -1, -1, -1, -1, -1, -1, -1, -1, -1, -1, -1, -1, -1, -1, -1, -1, -1, -1, -1, -1, -1, -1, -1, -1, -1, -1, -1, -1, -1, -1, -1, -1, -1, -1, -1, -1, -1, -1, -1, -1, -1, -1, -1, -1, -1, -1, -1, -1, -1, -1, -1, -1, -1, -1, -1, -1, -1, -1, -1, -1, -1, -1, -1, -1, -1, -1, -1, -1, -1, -1)","(-1, -1, -1, -1, -1, -1, -1, -1, -1, -1, -1, -1, -1, -1, -1, -1, -1, -1, -1, -1, -1, -1, -1, -1, -1, -1, -1, -1, -1, -1, -1, -1, -1, -1, -1, -1, -1, -1, -1, -1, -1, -1, -1, -1, -1, -1, -1, -1, -1, -1, -1, -1, -1, -1, -1, -1, -1, -1, -1, -1, -1, -1, -1, -1, -1, -1, -1, -1, -1, -1, -1, -1, -1, -1)","(-1, -1, -1, -1, -1, -1, -1, -1, -1, -1, -1, -1, -1, -1, -1, -1, -1, -1, -1, -1, -1, -1, -1, -1, -1, -1, -1, -1, -1, -1, -1, -1, -1, -1, -1, -1, -1, -1, -1, -1, -1, -1, -1, -1, -1, -1, -1, -1, -1, -1, -1, -1, -1, -1, -1, -1, -1, -1, -1, -1, -1, -1, -1, -1, -1, -1, -1, -1, -1, -1, -1, -1, -1, -1)",2,3841,301,5,32,129,5000.0,0.0,-19.37165260314941,108.41976928710938,chunk78,1142,18.55500030517578,"(270.57782, 315.7462, 308.1603, 386.48392, 366.64462)","(0.04298244044184685, 0.0504850372672081, 0.027464354410767555, 0.017624836415052414, 0.029467131942510605)","(16.41927, 16.251656, 16.278059, 16.032171, 16.089382)","(0.019354695454239845, 0.01530399452894926, 0.0212599765509367, 0.021160705015063286, 0.01725069247186184)","(0.21267115, 0.1564814, 0.11349337, 0.08605859, 0.061016608)",-29.413559322025865,43.490421295166016,0,-1.0,-1.0,-1.0,-1.0,0,-1.0,-1.0,-1.0,-1.0,-1.0,-1.0,-1.0,-1.0,5712.6997,0.003584564,13.107897,0.0031744225,55.62436,342.02634,0.95510674,139.84123,0.02447903,375,24017.799,0.00027144852,11.548667,0.0027437676,45.69561,395.7099,0.9626988,225.90356,0.009405672,364,0,-1.0,-1.0,-1.0,15.241999626159668,0.0689999982714653,24.299999237060547,2,14.769000053405762,0.0769999995827674,21.200000762939453,2,14.239999771118164,0.0759999975562095,15.300000190734863,2,0.2627647899380572,2RXS J111819.8+074552,169.58290999999997,7.764709999999999,4.649793e-13,2.028586e-13,44.1371987093315,-1,-1.0,-1.0,-1.0,-1.0,-1.0,-1.0,-1.0,-1.0,-1.0,-1.0,1,Gaia DR2 3817878828362669568,169.5706280557917,7.766125062433358,0.0,0.0,0.0,0.0,0.0,0.0,17.170164108276367,98.7669906616211,16.552494049072266,48.65840530395508,15.92581844329834,1457.293212890625,0.1552507546860302,jw01198011001_02101_00004_nrs2,HB89-1115+080,SREGION=POLYGON ICRS  169.570182525 7.765768859 169.571047140 7.766005637 169.570805933 7.766832055 169.569941137 7.766595400|TARGCAT=Galaxy|TARGDESC=Elliptical galaxies; Quasars|TARGET_DESCRIP=Galaxy; Elliptical galaxies; Quasars|TARGNAME=[HB89] 1115+080,169.57049416646282,7.76630049473917,NIRSPEC/IFU,NRS_IFU,1198,2,60060.8659612037,3501.334,F100LP;G140M,NRS2,0.6648196081852742,0.0
jw03428-o025_t025_nirspec_g235h-f170lp,J132825.16+444500.2,SREGION=POLYGON ICRS  202.104125247 44.749489299 202.104125247 44.750655966 202.105611573 44.750655966 202.105611573 44.749489299|TARGCAT=Galaxy|TARGDESC=Quasars|TARGET_DESCRIP=Galaxy; Quasars,202.1048684093996,44.75007263306921,NIRSPEC/IFU,NRS_IFU,3428,3,60377.01559760416,875.332,True,F170LP;G235H,MULTIPLE,132825.16+444500.2,202.10487176986,44.75006629141098,6627,56369,578,VI,VI,1,4.918594202372683,0,-1.0,-1,-1,-1,460542039,4.81,3,30,4.81,1,4.811,1,4.832357,4.831593990325928,1,4.81,VI,4.8274431228637695,0,1.2376618740195008e+18,4.795199970285037,0,28925.385876578526,-1.0,7682,0.0,-1.0,7682,0.0,-1.0,7682,0.0,-1.0,7682,0.0,4.813736166739592,0,1999.0998805940867,4.823505490334295,0,19698.08570463312,-1.0,"(-1.0, -1.0, -1.0, -1.0, -1.0)","(-1.0, -1.0, -1.0, -1.0, -1.0)","(-1.0, -1.0, -1.0, -1.0, -1.0)",0.9,0.0,0.0,387.0760498046875,6.558990478515625,0.0,0.0,34.09906768798828,1.9810678958892824,4096,0,0,0,0,0,1,0,1,"(1376, -1, -1, -1, -1, -1, -1, -1, -1, -1, -1, -1, -1, -1, -1, -1, -1, -1, -1, -1, -1, -1, -1, -1, -1, -1, -1, -1, -1, -1, -1, -1, -1, -1, -1, -1, -1, -1, -1, -1, -1, -1, -1, -1, -1, -1, -1, -1, -1, -1, -1, -1, -1, -1, -1, -1, -1, -1, -1, -1, -1, -1, -1, -1, -1, -1, -1, -1, -1, -1, -1, -1, -1, -1)","(53089, -1, -1, -1, -1, -1, -1, -1, -1, -1, -1, -1, -1, -1, -1, -1, -1, -1, -1, -1, -1, -1, -1, -1, -1, -1, -1, -1, -1, -1, -1, -1, -1, -1, -1, -1, -1, -1, -1, -1, -1, -1, -1, -1, -1, -1, -1, -1, -1, -1, -1, -1, -1, -1, -1, -1, -1, -1, -1, -1, -1, -1, -1, -1, -1, -1, -1, -1, -1, -1, -1, -1, -1, -1)","(607, -1, -1, -1, -1, -1, -1, -1, -1, -1, -1, -1, -1, -1, -1, -1, -1, -1, -1, -1, -1, -1, -1, -1, -1, -1, -1, -1, -1, -1, -1, -1, -1, -1, -1, -1, -1, -1, -1, -1, -1, -1, -1, -1, -1, -1, -1, -1, -1, -1, -1, -1, -1, -1, -1, -1, -1, -1, -1, -1, -1, -1, -1, -1, -1, -1, -1, -1, -1, -1, -1, -1, -1, -1)","(1, -1, -1, -1, -1, -1, -1, -1, -1, -1, -1, -1, -1, -1, -1, -1, -1, -1, -1, -1, -1, -1, -1, -1, -1, -1, -1, -1, -1, -1, -1, -1, -1, -1, -1, -1, -1, -1, -1, -1, -1, -1, -1, -1, -1, -1, -1, -1, -1, -1, -1, -1, -1, -1, -1, -1, -1, -1, -1, -1, -1, -1, -1, -1, -1, -1, -1, -1, -1, -1, -1, -1, -1, -1)",2,3818,301,6,250,717,4000.0,0.0,-166.22439575195312,15.393535614013672,boss34,15519,13.792099952697754,"(0.10892094, 0.03253655, 1.2065997, 9.730167, 7.201296)","(20.380495071411133, 176.2927703857422, 71.0306625366211, 14.73577880859375, 1.8663080930709839)","(24.222311, 24.919191, 22.28551, 20.029327, 20.345186)","(0.8004979491233826, 0.44704681634902954, 0.10471589863300323, 0.02904827892780304, 0.1081032007932663)","(0.054527037, 0.042487096, 0.029392377, 0.021841686, 0.016246201)",-27.704908315858503,1.132536768913269,1,-0.2332962155342102,15.882177852400217,-0.107677012681961,6.89720969177656,0,-1.0,-1.0,-1.0,-1.0,-1.0,-1.0,-1.0,-1.0,305.51657,0.0065327794,16.287413,0.043968387,2.5813568,24.693563,0.90759295,0.81902146,0.0026807769,93,547.2885,0.00047542245,15.654459,0.09098466,1.5768007,11.933179,0.9087589,0.83052135,0.0015175204,76,0,-1.0,-1.0,-1.0,-1.0,-1.0,-1.0,-1,-1.0,-1.0,-1.0,-1,-1.0,-1.0,-1.0,-1,-1.0,-1,-1.0,-1.0,-1.0,-1.0,-1.0,-1,-1.0,-1.0,-1.0,-1.0,-1.0,-1.0,-1.0,-1.0,-1.0,-1.0,1,Gaia DR2 1550123378676607488,202.10487697463813,44.75005818856222,0.0,0.0,0.0,0.0,0.0,0.0,21.202524185180664,24.92596244812012,0.0,0.0,0.0,0.0,0.0320620749298491,jw03428-o025_t025_nirspec_g235h-f170lp,J132825.16+444500.2,SREGION=POLYGON ICRS  202.104125247 44.749489299 202.104125247 44.750655966 202.105611573 44.750655966 202.105611573 44.749489299|TARGCAT=Galaxy|TARGDESC=Quasars|TARGET_DESCRIP=Galaxy; Quasars,202.1048684093996,44.75007263306921,NIRSPEC/IFU,NRS_IFU,3428,3,60377.01559760416,875.332,F170LP;G235H,MULTIPLE,0.0243930845302405,0.0
jw02057-o018_t009_nirspec_g140m-f100lp,RM549,SREGION=POLYGON ICRS  214.129799443 54.288114009 214.129799443 54.289558453 214.132369303 54.289558453 214.132369303 54.288114009|TARGCAT=Galaxy|TARGDESC=Quasars|TARGET_DESCRIP=Galaxy; Quasars,214.131084371546,54.28883623407447,NIRSPEC/IFU,NRS_IFU,2057,3,60065.49234456018,2392.576,True,F100LP;G140M,NRS1,141631.45+541719.7,214.13107914441,54.28882374078964,7339,57451,828,QSO,QSO,1,2.2701236956138,1,2.277294874191284,3,1,1,504300925,2.277,3,3,-1.0,0,-1.0,-1,-1.0,-1.0,1,2.277,VI,2.277294874191284,0,1.2376613876049513e+18,2.27619112371462,0,253814.8273973704,-1.0,7682,0.0,-1.0,7682,0.0,2.2733745572144874,0,3565.330821707248,2.2719835783512865,0,4109.654156490071,2.2724724450324105,0,58898.33415841002,2.2735503537897253,0,60372.42388124069,2.27836,"(-1.0, -1.0, -1.0, -1.0, -1.0)","(-1.0, -1.0, -1.0, -1.0, -1.0)","(-1.0, -1.0, -1.0, -1.0, -1.0)",0.9,0.0,0.0,73.9935531616211,4.532558441162109,0.0,0.0,0.0,0.0,0,0,0,0,0,36028797018963968,0,71,71,"(7339, 7339, 7338, 7339, 7338, 6797, 6931, 7339, 7339, 7339, 7338, 7338, 7340, 7340, 7339, 7339, 7339, 7338, 7338, 7338, 7339, 7339, 7339, 7338, 7339, 7339, 7339, 7340, 7339, 7339, 7339, 7338, 7338, 7338, 7339, 7339, 7340, 7339, 7340, 7338, 7338, 7340, 7339, 7339, 7339, 7338, 7340, 7339, 7339, 7340, 7338, 7339, 7338, 7338, 7340, 7340, 7338, 7339, 7339, 7338, 7339, 7339, 7340, 7340, 7339, 7338, 7339, 7338, 7340, 7340, 7339, -1, -1, -1)","(56722, 56768, 57789, 56697, 57067, 56426, 56388, 57544, 57428, 56755, 57050, 57038, 57185, 58289, 56782, 56751, 56808, 58174, 58127, 57781, 56739, 56772, 57892, 56660, 56780, 56804, 56686, 57106, 57481, 57518, 56720, 57843, 57159, 57817, 57510, 57435, 57196, 56783, 58230, 57832, 57805, 56825, 57934, 56813, 56683, 57127, 56726, 57901, 57918, 57576, 57874, 56749, 57859, 56745, 56829, 58216, 57135, 57463, 56747, 56664, 56795, 56799, 56837, 58258, 57082, 56717, 57492, 57166, 56833, 57570, 56715, -1, -1, -1)","(812, 804, 830, 824, 824, 140, 674, 830, 828, 804, 828, 826, 821, 823, 834, 804, 830, 822, 828, 824, 830, 794, 830, 826, 824, 838, 830, 825, 828, 828, 814, 826, 880, 830, 832, 828, 821, 834, 823, 826, 830, 821, 830, 830, 836, 824, 801, 830, 830, 825, 826, 828, 826, 806, 821, 821, 824, 832, 828, 862, 834, 834, 821, 825, 832, 916, 832, 880, 821, 825, 824, -1, -1, -1)","(2, 2, 2, 2, 2, 2, 2, 2, 2, 2, 2, 2, 2, 2, 2, 2, 2, 2, 2, 2, 2, 2, 2, 2, 2, 2, 2, 2, 2, 2, 2, 2, 2, 2, 2, 2, 2, 2, 2, 2, 2, 2, 2, 2, 2, 2, 2, 2, 2, 2, 2, 2, 2, 2, 2, 2, 2, 2, 2, 2, 2, 2, 2, 2, 2, 2, 2, 2, 2, 2, 2, -1, -1, -1)",2,3705,301,4,105,196,5400.0,0.0,54.32044982910156,262.8912048339844,boss216,15910,15.932700157165527,"(1.5052749, 2.3432136, 1.7521147, 2.2688947, 1.8499218)","(16.323978424072266, 97.41092681884766, 46.748294830322266, 23.335615158081055, 1.5485060214996338)","(22.046688, 21.573872, 21.886036, 21.603695, 21.689547)","(0.17551292479038239, 0.046809177845716476, 0.08979297429323196, 0.09783658385276794, 0.3682861626148224)","(0.0627696, 0.048909646, 0.033835467, 0.025143377, 0.018702054)",-24.57066281681667,3.277028083801269,1,0.0097734509035944,1045.3796928884735,0.3037528991699219,915.7084089322652,0,-1.0,-1.0,-1.0,-1.0,-1.0,-1.0,-1.0,-1.0,84.586655,0.008477501,17.681746,0.13940826,0.650942,7.788176,0.84652424,3.2965666e-08,0.0,35,306.5625,0.0006435314,16.283703,0.13961124,0.8823569,7.7768536,0.89134264,0.00043534255,1.4204845e-06,58,0,-1.0,-1.0,-1.0,-1.0,-1.0,-1.0,-1,-1.0,-1.0,-1.0,-1,-1.0,-1.0,-1.0,-1,-1.0,-1,-1.0,-1.0,-1.0,-1.0,-1.0,-1,-1.0,-1.0,-1.0,-1.0,-1.0,-1.0,-1.0,-1.0,-1.0,-1.0,1,Gaia DR2 1608719862309652352,214.1310531115737,54.28884336110568,0.0,0.0,0.0,0.0,0.0,0.0,20.963926315307617,33.15068054199219,20.684419631958008,2.978236675262451,20.047208786010746,3.27133846282959,0.0893391732202785,jw02057-o018_t009_nirspec_g140m-f100lp,RM549,SREGION=POLYGON ICRS  214.129799443 54.288114009 214.129799443 54.289558453 214.132369303 54.289558453 214.132369303 54.288114009|TARGCAT=Galaxy|TARGDESC=Quasars|TARGET_DESCRIP=Galaxy; Quasars,214.131084371546,54.28883623407447,NIRSPEC/IFU,NRS_IFU,2057,3,60065.49234456018,2392.576,F100LP;G140M,NRS1,0.0462976285485568,0.0
